id,type,amount_charged,income,expense,payment_method,contact_id,service_id,user_id,comment,created_at
1165a278-e18f-5df6-a087-81d454cc6880,servicio,35000,35000,0,transferencia,8ebf8f78-3f0c-5014-8de8-7b6cc36fb399,910784b4-4669-5b74-bbb2-997a4d659b45,,Hora: 5:09 p.m.,2025-07-07
8f77f596-c553-5ad2-a027-223be20212bb,servicio,35000,35000,0,pos,403657ca-b515-5c11-9aee-eccda1d3906f,910784b4-4669-5b74-bbb2-997a4d659b45,,Hora: 5:50 p.m.,2025-07-07
0553a275-1304-596d-840a-5cad110484bc,servicio,35000,35000,0,efectivo,b2a24650-1f63-5d6c-956c-a963d1482d80,910784b4-4669-5b74-bbb2-997a4d659b45,,Hora: 5:51 p.m.,2025-07-07
c6768e9e-ef0f-56e4-9ff0-3bbf29ebb6f2,servicio,40000,40000,0,transferencia,9c0d8d26-aa71-50b8-9c35-acc7aed9dae1,b4af6236-368c-5f96-a685-e8faf26e5144,,Hora: 6:47 p.m.,2025-07-07
d64f86c4-cebb-5aca-b6d9-565bc2eae3dd,servicio,40000,40000,0,transferencia,1c428c0d-9b70-58df-ba7c-48315cca8934,b4af6236-368c-5f96-a685-e8faf26e5144,,Hora: 7:46 p.m.,2025-07-07
0ae54081-0e84-5efa-a692-5c72464abfd8,servicio,40000,40000,0,transferencia,cac5fbdf-3283-525f-800c-365087f10599,b4af6236-368c-5f96-a685-e8faf26e5144,,Hora: 8:37 p.m.,2025-07-07
5a109d8d-f2a0-54b3-a643-0276388a842f,servicio,40000,40000,0,efectivo,5e8c37ce-10aa-5dc5-9847-3cdb64422ad3,b4af6236-368c-5f96-a685-e8faf26e5144,,Hora: 11:53 a.m.,2025-07-08
d729de59-3598-51f0-ab41-2a2bb627de3c,servicio,40000,40000,0,efectivo,f808b6d7-0daf-5e66-a646-4dc6a829a335,b4af6236-368c-5f96-a685-e8faf26e5144,,Hora: 2:43 p.m.,2025-07-08
0e51603f-6ef8-5e0c-8ac5-b2cc5085c271,servicio,40000,40000,0,pos,d3a59015-23ec-528a-971b-f6a64c526e09,b4af6236-368c-5f96-a685-e8faf26e5144,,Hora: 3:14 p.m.,2025-07-08
c4599c2a-db5c-50ce-93b4-228c161d5d20,servicio,40000,40000,10,efectivo,a008dff8-b630-57ca-b3bf-d2ac97e3b2eb,b4af6236-368c-5f96-a685-e8faf26e5144,,Hora: 3:40 p.m.,2025-07-08
578cecc5-f16f-5fa5-ab25-aba2e0627a29,servicio,40000,40000,0,efectivo,84b6ab43-c2de-5e4d-9151-b3a2552ec482,b4af6236-368c-5f96-a685-e8faf26e5144,,Hora: 5:12 p.m.,2025-07-08
578cecc5-f16f-5fa5-ab25-aba2e0627a29,servicio,40000,40000,0,efectivo,84b6ab43-c2de-5e4d-9151-b3a2552ec482,b4af6236-368c-5f96-a685-e8faf26e5144,,Hora: 5:13 p.m.,2025-07-08
3dec4e24-4563-5d33-80d1-aff72e460ce4,servicio,40000,40000,0,pos,3f723510-ce82-5a79-a972-67a078067671,b4af6236-368c-5f96-a685-e8faf26e5144,,Hora: 5:35 p.m.,2025-07-08
b6136531-51b3-57d3-8785-f04b33362f35,servicio,30000,30000,0,transferencia,be5145fe-3610-5b4b-8bca-3e72f3560629,4410801d-a633-524a-8dfa-0df5e44049d6,,Hora: 5:56 p.m.,2025-07-08
6e33f579-7b40-5376-ada6-3b1c3bd8a0d3,servicio,40000,40000,10,efectivo,3146a403-891d-5ec7-83e7-e7f2a3b29532,b4af6236-368c-5f96-a685-e8faf26e5144,,Hora: 6:29 p.m.,2025-07-08
9f478af4-d35e-5b52-ab16-6533f9537b77,servicio,40000,40000,10,efectivo,9dad58a4-7a31-5551-a01a-0868c12f3172,b4af6236-368c-5f96-a685-e8faf26e5144,,Hora: 6:54 p.m.,2025-07-08
d8b4eb9e-be60-56f9-9c08-48f09b2f7483,servicio,40000,40000,0,efectivo,6a6bb1da-0c49-58f4-8170-2627215bd354,b4af6236-368c-5f96-a685-e8faf26e5144,,Hora: 11:26 a.m.,2025-07-09
f9f38c12-8365-5c40-95df-e74df553a6f1,servicio,40000,40000,0,pos,eddc7652-d368-5b0d-9c6d-8b0e14e7b422,b4af6236-368c-5f96-a685-e8faf26e5144,,Hora: 2:29 p.m.,2025-07-09
bc0a2e8c-01db-554c-8dc1-cd40d9bf48d1,servicio,40000,40000,60,efectivo,9509e2b8-aa8d-54ca-b4cd-1eb2a1c04476,b4af6236-368c-5f96-a685-e8faf26e5144,,Hora: 3:04 p.m.,2025-07-09
c89d98b8-0a72-59ee-bb0b-de6db7a95cf9,servicio,40000,40000,10,efectivo,62dc27bf-b4db-5828-b285-be1de2ee16f3,b4af6236-368c-5f96-a685-e8faf26e5144,,Hora: 3:50 p.m.,2025-07-09
51102958-7b4c-55a2-a219-1e97bc437a0a,gasto,,0,150,,,,,Pago de préstamo | Hora: 4:02 p.m. | Fuente: Caja,2025-07-09
10b00837-7a09-5a39-92d0-e57c799cff79,servicio,40000,40000,0,pos,d8e23762-c881-536f-b7ad-a5764298653a,b4af6236-368c-5f96-a685-e8faf26e5144,,Hora: 5:03 p.m.,2025-07-09
e566f8a5-db5c-5609-87cc-22c896a2918e,servicio,35000,35000,65,efectivo,196079fa-a9e8-5581-a7c8-6d623c2a5883,910784b4-4669-5b74-bbb2-997a4d659b45,,Hora: 6:18 p.m.,2025-07-09
efbc65fe-cebe-5292-aa46-37eaafaf1657,servicio,40000,40000,0,pos,2bdb854e-2956-505a-b244-fa7c6b93109d,b4af6236-368c-5f96-a685-e8faf26e5144,,Hora: 6:44 p.m.,2025-07-09
9d3a5ad8-aebc-553d-8687-fe4e68653b5e,gasto,,0,70,,,,,Pago a melani | Hora: 10:06 a.m. | Fuente: Caja,2025-07-10
ece2d666-4ce5-50c7-85e8-40a890e1910e,servicio,40000,40000,0,efectivo,460b6b03-1d9e-50a3-97f1-cfa70afdba54,b4af6236-368c-5f96-a685-e8faf26e5144,,Degradado cambia su corte siempre | Hora: 2:32 p.m.,2025-07-10
de1443d2-21a8-5f08-b7db-6f0abc885cc6,servicio,40000,40000,10,efectivo,87af7412-d351-5cd2-8666-471564d56c8f,b4af6236-368c-5f96-a685-e8faf26e5144,,Hora: 3:07 p.m.,2025-07-10
22979724-afee-5c31-9ab9-0b6a59c42513,servicio,40000,40000,0,,f2bbde31-5c77-56fb-acea-b4bb7c056fc3,b4af6236-368c-5f96-a685-e8faf26e5144,,Degradado | Hora: 4:34 p.m.,2025-07-10
21752f5f-8f3f-553f-b4b4-5486447eaf0e,servicio,60000,60000,0,,941f491d-b206-5f2e-8119-7814e0037b5c,cb0e9128-f2f4-5d0f-9d6e-8c902c59fc83,,Hora: 5:07 p.m.,2025-07-10
9e94f21c-9452-5ade-941b-fe77da5099bb,servicio,40000,40000,60,,2ddd9685-6de5-58c7-ad61-1203889d2bef,b4af6236-368c-5f96-a685-e8faf26e5144,,Hora: 5:32 p.m.,2025-07-10
168b2d54-928a-5aa1-9e52-9cafcd42b6b2,servicio,40000,40000,60,,d7b84b9f-0a95-58e0-869a-15fc57b2ca4f,b4af6236-368c-5f96-a685-e8faf26e5144,,Hora: 6:28 p.m.,2025-07-10
29efda53-5105-54a8-97ed-06a9540380c6,servicio,40000,40000,60,efectivo,14f98af4-c9e7-598b-931d-260027bcf965,b4af6236-368c-5f96-a685-e8faf26e5144,,Hora: 6:59 p.m.,2025-07-10
6359ad5a-3d1a-5084-96cb-5ed5acf49396,servicio,40000,40000,0,pos,ee466ba6-b415-5107-a1a6-966eebb44c3f,b4af6236-368c-5f96-a685-e8faf26e5144,,Hora: 11:16 a.m.,2025-07-11
a90c5480-055b-5015-a31a-6f198f9fe376,servicio,40000,40000,0,pos,8a21134a-b72d-538b-8abf-767fb94abe60,b4af6236-368c-5f96-a685-e8faf26e5144,,Hora: 11:48 a.m.,2025-07-11
61839f0c-018d-5c8a-ad32-8c414c2a7735,servicio,35000,35000,0,efectivo,dd7b256d-574c-5450-bd80-e7fd88de7208,910784b4-4669-5b74-bbb2-997a4d659b45,,Hora: 1:03 p.m.,2025-07-11
3c4c4a31-d798-587a-8f38-3e895ae0d741,servicio,40000,40000,0,transferencia,2a0cbfe6-9cf1-59c0-b02c-ca60c8113740,b4af6236-368c-5f96-a685-e8faf26e5144,,Hora: 3:09 p.m.,2025-07-11
432db35c-33b1-5040-83a5-dc15ecf58aeb,servicio,40000,40000,60,,a4f0883b-bdf1-50b6-bd82-89ba4c9ed51f,b4af6236-368c-5f96-a685-e8faf26e5144,,Hora: 4:29 p.m.,2025-07-11
6099494f-a346-55cb-b7a1-725f0dd80bdd,servicio,40000,40000,0,transferencia,d754e181-db8e-57ec-834b-7696926398f6,b4af6236-368c-5f96-a685-e8faf26e5144,,Hora: 5:09 p.m.,2025-07-11
b3189217-79b0-59c3-b913-3343499354d8,servicio,40000,40000,0,transferencia,4870fb15-0d36-504d-874a-cfb6ff83faf4,b4af6236-368c-5f96-a685-e8faf26e5144,,Hora: 5:09 p.m.,2025-07-11
117a9b46-a9d0-5711-9aed-8745dea85f26,servicio,40000,40000,0,transferencia,87c0c2e0-bb5b-5d95-ac41-00272c4d648e,b4af6236-368c-5f96-a685-e8faf26e5144,,Hora: 5:09 p.m.,2025-07-11
a2f84482-f0eb-50f3-9946-2685bb4fc03d,servicio,25000,25000,0,,4ab90db3-079f-51d0-ae8a-621881b76f00,8b3eb052-313c-5bd1-a6bb-4106ed0592af,,Hora: 5:26 p.m.,2025-07-11
0f2e6199-534f-54ad-ad68-115263ff0228,servicio,40000,40000,60,efectivo,90fddc2d-ca82-56de-b84f-282d8385ec30,b4af6236-368c-5f96-a685-e8faf26e5144,,Hora: 5:45 p.m.,2025-07-11
bd265fc3-4c53-5cac-a14b-d213dbebac23,servicio,40000,40000,0,transferencia,3e79a982-18ae-5b75-b07e-662b17935a12,b4af6236-368c-5f96-a685-e8faf26e5144,,Hora: 6:19 p.m.,2025-07-11
3872f78d-66ef-5c42-8a34-f885746d5987,servicio,40000,40000,0,transferencia,ae55718a-72a6-5270-9881-b2de45866554,b4af6236-368c-5f96-a685-e8faf26e5144,,Hora: 6:43 p.m.,2025-07-11
19fb3693-1fa3-5ba5-8e88-d68367814ae7,servicio,40000,40000,0,,1aa121bd-0f5b-51a9-8a71-d9a8d4a72537,b4af6236-368c-5f96-a685-e8faf26e5144,,Hora: 6:59 p.m.,2025-07-11
12cc7f0b-04dc-5b29-95f8-f0bf94bbfc4e,servicio,30000,30000,0,efectivo,196079fa-a9e8-5581-a7c8-6d623c2a5883,4410801d-a633-524a-8dfa-0df5e44049d6,,Hora: 7:23 p.m.,2025-07-11
8a0bc434-63b4-5251-8eee-78cdd0b7b2ff,servicio,35000,35000,65,efectivo,69896227-02ea-579c-9bb5-b931fbb288ca,910784b4-4669-5b74-bbb2-997a4d659b45,,Hora: 10:46 a.m.,2025-07-12
2f2cc1ca-2906-5c17-a35a-e0272fcd8447,servicio,40000,40000,0,pos,61f75a6f-13cb-5b39-a13e-5cbcc1b897ba,b4af6236-368c-5f96-a685-e8faf26e5144,,Hora: 11:12 a.m.,2025-07-12
048d0a9c-b7cf-5b8b-9276-808c68e7a4fe,servicio,40000,40000,0,transferencia,6fa3c199-cd0b-56cc-b5bc-6c35e01435a8,b4af6236-368c-5f96-a685-e8faf26e5144,,Hora: 11:40 a.m.,2025-07-12
00880eb6-7a82-5a39-bade-4ddf79946a1f,servicio,25000,25000,0,pos,81901e2b-eae6-51da-a39b-19dfe4546fbb,8b3eb052-313c-5bd1-a6bb-4106ed0592af,,Hora: 12:26 p.m.,2025-07-12
c7c4abd3-dacc-59ba-a41e-b6e0a9cf0930,servicio,40000,40000,0,pos,284bcacd-1fc6-5ebc-b8a4-278afa9ce581,b4af6236-368c-5f96-a685-e8faf26e5144,,Hora: 12:59 p.m.,2025-07-12
9b229828-49d9-59c8-9e62-a63b774241a0,servicio,30000,30000,20,efectivo,ee500ada-a68c-5316-aef2-8faf31d7b047,4410801d-a633-524a-8dfa-0df5e44049d6,,Hora: 1:38 p.m.,2025-07-12
9b229828-49d9-59c8-9e62-a63b774241a0,servicio,30000,30000,20,,ee500ada-a68c-5316-aef2-8faf31d7b047,4410801d-a633-524a-8dfa-0df5e44049d6,,Hora: 1:38 p.m.,2025-07-12
2e650169-3e8f-55d2-9e9c-c8c06072a739,servicio,40000,40000,0,efectivo,7d738575-71a6-5a14-8bcd-c34e9c7efd53,b4af6236-368c-5f96-a685-e8faf26e5144,,Hora: 2:10 p.m.,2025-07-12
e1287297-947f-5922-bdfc-381410a35042,servicio,35000,35000,0,pos,1bc201d7-c5cb-52c1-b4b1-ea5429d68b1f,910784b4-4669-5b74-bbb2-997a4d659b45,,Hora: 3:05 p.m.,2025-07-12
9f0e5e95-6fe9-5d8a-9df7-6cbbe069b73e,servicio,40000,40000,0,efectivo,92d9e326-8514-524d-921f-c8ab02c6b147,b4af6236-368c-5f96-a685-e8faf26e5144,,Hora: 3:31 p.m.,2025-07-12
d4c5f815-77b9-5415-8beb-f3e106a43ba0,servicio,40000,40000,0,efectivo,7bbdea35-f6b5-5ca8-aa99-00a17c64f968,b4af6236-368c-5f96-a685-e8faf26e5144,,Hora: 3:51 p.m.,2025-07-12
bf430112-b40b-5f7c-871f-6523eacd309a,servicio,40000,40000,0,efectivo,ed2e3199-05f5-5f75-b77a-407181cf1832,b4af6236-368c-5f96-a685-e8faf26e5144,,Hora: 4:41 p.m.,2025-07-12
9e19e5b0-17da-5615-a023-deaf41386915,servicio,40000,40000,0,transferencia,428428f5-04c3-57b0-92db-cfaa96d2c9fb,b4af6236-368c-5f96-a685-e8faf26e5144,,Hora: 5:43 p.m.,2025-07-12
750380a4-7d06-5029-92ee-66fbc829b015,servicio,30000,30000,0,transferencia,428428f5-04c3-57b0-92db-cfaa96d2c9fb,4410801d-a633-524a-8dfa-0df5e44049d6,,Hora: 5:43 p.m.,2025-07-12
fd34718d-8248-5c54-bed3-1e8a692b6ec0,gasto,,0,12,,,,,Aguatero | Hora: 5:50 p.m. | Fuente: Caja,2025-07-12
ae70bc77-a1e5-5a55-83b2-ddcf1dd1396d,servicio,40000,40000,60,efectivo,8a567d14-fe32-5010-9355-a6af059dd608,b4af6236-368c-5f96-a685-e8faf26e5144,,Hora: 6:46 p.m.,2025-07-12
c42f0ade-3863-5d3a-bc56-28a08f194a32,servicio,40000,40000,0,pos,46907921-de73-5aa6-9ea4-eb7fac9f9198,b4af6236-368c-5f96-a685-e8faf26e5144,,Hora: 7:10 p.m.,2025-07-12
01c7ada9-954b-583f-b9e8-ec9929b58a3b,servicio,35000,35000,65,efectivo,e81174a1-ae30-55a8-a37a-dfb72d4f47cb,910784b4-4669-5b74-bbb2-997a4d659b45,,Hora: 7:23 p.m.,2025-07-12
37ecd2fb-58bb-5484-9c48-c4306f9f2377,servicio,40000,40000,0,pos,4122a260-020d-5d6d-b830-70f74fe9f205,b4af6236-368c-5f96-a685-e8faf26e5144,,Hora: 7:50 p.m.,2025-07-12
fd34718d-8248-5c54-bed3-1e8a692b6ec0,cierre,,0,563,,,,,Hora: 4:16 p.m.,2025-07-12
24bdec20-ba70-5e18-b71f-963ecddbae4a,servicio,40000,40000,0,pos,c08d0836-02a6-50bf-8cf7-06bada109a27,b4af6236-368c-5f96-a685-e8faf26e5144,,Hora: 12:20 p.m.,2025-07-15
f318d667-2582-53d1-8c8b-42c00a4c2f0c,servicio,40000,40000,0,pos,b9d2cd56-9843-539a-989a-a0804cd7be7d,b4af6236-368c-5f96-a685-e8faf26e5144,,Hora: 12:20 p.m.,2025-07-15
351ddbb1-edbf-562b-ac3d-5f35cb0f2429,servicio,40000,40000,0,efectivo,29bc57e2-a7eb-5499-9fbd-35d5294b8669,b4af6236-368c-5f96-a685-e8faf26e5144,,Hora: 12:21 p.m.,2025-07-14
d989267e-3957-5f25-ae31-b781d782f3ce,servicio,35000,35000,0,efectivo,e6255d3b-57a2-503a-aef8-daaa61d479db,910784b4-4669-5b74-bbb2-997a4d659b45,,Hora: 12:21 p.m.,2025-07-14
b7041f1e-02ad-54bc-bc74-83a06235d36d,servicio,30000,30000,0,transferencia,5b95aa48-1302-5014-b86f-ff8707c7da2a,4410801d-a633-524a-8dfa-0df5e44049d6,,Hora: 1:01 p.m.,2025-07-15
98d9fcc8-2c35-5abb-a123-40a1e4193ae7,servicio,35000,35000,15,efectivo,a934f617-401e-596f-bd16-d23f9f265c02,910784b4-4669-5b74-bbb2-997a4d659b45,,Hora: 1:09 p.m.,2025-07-15
9e1cf7a6-aa54-5854-b8df-4ab2c0d61971,gasto,,0,20,,,,,Papel higiénico | Hora: 1:09 p.m. | Fuente: Caja,2025-07-15
d5bb3357-69e4-5493-abb2-64d67d307765,servicio,60000,60000,40,efectivo,394126ba-6ad4-5d6e-a183-dbc9ee481e92,cb0e9128-f2f4-5d0f-9d6e-8c902c59fc83,,Hora: 3:34 p.m.,2025-07-15
3dfcb035-cd29-5cf2-be65-11893b2eb4c2,servicio,30000,30000,0,pos,c68fd4a0-41d7-5039-862d-97d80f9c0bff,4410801d-a633-524a-8dfa-0df5e44049d6,,Hora: 3:52 p.m.,2025-07-15
9408893a-4912-5810-8de8-151a5814bb6a,servicio,40000,40000,10,efectivo,e80afc55-2470-540a-b893-68e1bdf84bd7,b4af6236-368c-5f96-a685-e8faf26e5144,,Hora: 4:20 p.m.,2025-07-15
b9f51758-019d-53c5-b812-f1586f5312cd,servicio,40000,40000,0,efectivo,,b4af6236-368c-5f96-a685-e8faf26e5144,,Hora: 6:02 p.m.,2025-07-15
b79d991d-b992-58e1-acdb-36e724b38b4c,servicio,40000,40000,60,,61cac5ef-0e66-5318-b25a-805863bfc85d,b4af6236-368c-5f96-a685-e8faf26e5144,,Hora: 6:48 p.m.,2025-07-15
2114dd05-153b-5413-b2eb-650c1b683ad3,servicio,40000,40000,0,transferencia,0f14f83a-4f82-5971-be8c-6aa6e198d0ec,b4af6236-368c-5f96-a685-e8faf26e5144,,Hora: 7:08 p.m.,2025-07-15
1e5700e2-0115-5a86-9b30-786fdb490d14,servicio,40000,40000,0,pos,23fd8092-bc74-5daa-88d4-ecf83e9df9b1,b4af6236-368c-5f96-a685-e8faf26e5144,,Hora: 7:29 p.m.,2025-07-15
510ff05e-5525-5e81-be81-b20fbb465de3,gasto,,0,15,,,,,Lavado de auto innecesario | Hora: 2:20 p.m. | Fuente: Caja,2025-07-16
a745f8dc-6325-55ad-8d17-d80733e82332,servicio,40000,40000,0,pos,1c428c0d-9b70-58df-ba7c-48315cca8934,b4af6236-368c-5f96-a685-e8faf26e5144,,Hora: 6:14 p.m.,2025-07-16
85699993-8573-5ae6-95e4-aed172d89bec,servicio,35000,35000,0,pos,b10a8a12-97a9-51f1-ae16-da5bac58e023,910784b4-4669-5b74-bbb2-997a4d659b45,,Hora: 6:34 p.m.,2025-07-16
70d349c8-1566-5045-b0f4-d9e191eb26c9,servicio,40000,40000,0,pos,a7f241e5-de2b-5fe2-accf-e2cb4d7c7803,b4af6236-368c-5f96-a685-e8faf26e5144,,Hora: 7:12 p.m.,2025-07-16
8f4c019d-5b5c-5f13-9f0c-28cd82170a19,servicio,40000,40000,0,pos,dcbe36e6-3fca-59ee-91dd-0da2bb32d73b,b4af6236-368c-5f96-a685-e8faf26e5144,,Hora: 4:27 p.m.,2025-07-17
f9992fc1-f01d-588d-8690-ff9f51a8cfa0,servicio,40000,40000,0,efectivo,fb3a7561-d54c-5498-8bd3-ddcbb0e2ca11,b4af6236-368c-5f96-a685-e8faf26e5144,,Hora: 2:17 p.m.,2025-07-18
02ae7b43-534b-547c-86b2-fcf92df752c3,servicio,40000,40000,0,transferencia,dd86b414-199d-5efd-a27f-25d3a3529855,b4af6236-368c-5f96-a685-e8faf26e5144,,Hora: 3:17 p.m.,2025-07-18
4c4933ef-a5f8-51b2-8c72-dab40c2d777e,servicio,60000,60000,0,efectivo,30c7648d-fe47-5dc9-850e-99fd95676198,cb0e9128-f2f4-5d0f-9d6e-8c902c59fc83,,Hora: 3:59 p.m.,2025-07-18
20339217-afaf-573f-929a-1fa503c7f621,servicio,40000,40000,0,efectivo,c66a3734-7354-58da-80c0-82ad8bea7ff3,b4af6236-368c-5f96-a685-e8faf26e5144,,Hora: 4:17 p.m.,2025-07-18
7fb65754-67a9-5c57-b340-8a1f734f0ec0,servicio,60000,60000,0,efectivo,6f09f562-9730-5460-9fd3-f8bdeb976692,cb0e9128-f2f4-5d0f-9d6e-8c902c59fc83,,Falta pagar 10000 | Hora: 6:23 p.m.,2025-07-18
e6ed65aa-fd73-5140-a29a-599e619108a7,servicio,40000,40000,-400000000000000,pos,af8aad18-6d3f-5717-97a3-ac0a05555b08,b4af6236-368c-5f96-a685-e8faf26e5144,,Hora: 7:02 p.m.,2025-07-18
71d7b69f-f8e9-56de-a7a2-1758b7039787,servicio,40000,40000,0,pos,94c9ce49-ae50-5828-b95a-e846c7147f17,b4af6236-368c-5f96-a685-e8faf26e5144,,Hora: 11:14 a.m.,2025-07-19
8b63e216-d169-5897-9a60-90174d557124,servicio,40000,40000,0,pos,d3a59015-23ec-528a-971b-f6a64c526e09,b4af6236-368c-5f96-a685-e8faf26e5144,,Hora: 1:27 p.m.,2025-07-19
5e8b9ca7-f648-5843-aa29-959cbeb7b3e4,servicio,40000,40000,10,efectivo,2824e43d-c22a-595a-9b70-24c9f2cb738d,b4af6236-368c-5f96-a685-e8faf26e5144,,Hora: 1:42 p.m.,2025-07-19
165c9f41-a598-5bb2-b85c-c8e8878f7614,servicio,40000,40000,0,transferencia,9ebd03b3-b293-5b1c-9c8a-0598a778076b,b4af6236-368c-5f96-a685-e8faf26e5144,,Hora: 4:39 p.m.,2025-07-19
30503b1b-2263-5678-9550-d3c698fa3385,servicio,40000,40000,0,efectivo,f3e2771b-1178-5783-8893-1b7f97d2f4de,b4af6236-368c-5f96-a685-e8faf26e5144,,Hora: 5:17 p.m.,2025-07-19
f771fb51-fcb6-5e63-bd02-f25507e7d06d,servicio,40000,40000,0,transferencia,8078db8a-02c4-5cb3-a924-bc75b564440b,b4af6236-368c-5f96-a685-e8faf26e5144,,Hora: 5:49 p.m.,2025-07-19
6045be8b-cb15-5955-afaf-f8d4ac6511de,servicio,40000,40000,0,efectivo,b0ae3ba8-00db-508b-856d-1c3406fc67bb,b4af6236-368c-5f96-a685-e8faf26e5144,,Hora: 6:31 p.m.,2025-07-19
a7c92eb0-1652-5947-9530-141a9f9ba6cf,servicio,30000,30000,20,efectivo,acce7569-5004-5838-a451-fa092bae1c61,4410801d-a633-524a-8dfa-0df5e44049d6,,Hora: 3:51 p.m.,2025-07-21
875731a2-ef5b-58ad-b853-b426ab543e2e,servicio,30000,30000,20,efectivo,9105169b-7678-535c-8027-60b51b98114b,4410801d-a633-524a-8dfa-0df5e44049d6,,Hora: 3:51 p.m.,2025-07-21
acfbf4f0-1a87-5cf7-9f15-98d08d5fc574,servicio,35000,35000,0,transferencia,8cffe572-85f8-599b-8d33-fa4ad65ec7c1,910784b4-4669-5b74-bbb2-997a4d659b45,,Hora: 3:51 p.m.,2025-07-21
36e2a4a9-0a17-57de-a30c-944422722eb9,servicio,40000,40000,0,efectivo,97bdf6c8-a605-52d5-8b7f-7b9717e8e610,b4af6236-368c-5f96-a685-e8faf26e5144,,Hora: 3:53 p.m.,2025-07-21
f4c58638-da17-5f8a-941f-59c6787a63fb,servicio,30000,30000,0,efectivo,03a08b13-8b30-50cb-926a-876da01157b8,4410801d-a633-524a-8dfa-0df5e44049d6,,Hora: 4:39 p.m.,2025-07-21
3894d1e3-3ee8-5f6a-9056-828c378e0de3,servicio,30000,30000,0,transferencia,,4410801d-a633-524a-8dfa-0df5e44049d6,,Hora: 4:58 p.m.,2025-07-21
4a32e42d-7ee9-5937-865f-202042662fc1,servicio,30000,30000,0,efectivo,30a5e97d-9412-5221-9e2e-01e6583a1beb,4410801d-a633-524a-8dfa-0df5e44049d6,,Hora: 5:13 p.m.,2025-07-21
9bc59ace-9ed0-5cf3-8ce0-feccd8ef13f4,servicio,35000,35000,0,efectivo,,910784b4-4669-5b74-bbb2-997a4d659b45,,Hora: 7:01 p.m.,2025-07-21
4f84f144-7ff0-5fb1-8069-10f4ae6b2e01,servicio,30000,30000,0,transferencia,85ae4081-c8aa-5cef-8043-5e116818e8d1,4410801d-a633-524a-8dfa-0df5e44049d6,,Hora: 2:16 p.m.,2025-07-22
5927da02-f610-5489-9caf-b4eeffad81a6,servicio,40000,40000,0,pos,7c7bd5fd-53fb-52b7-9a6a-a665a3e7091f,b4af6236-368c-5f96-a685-e8faf26e5144,,Hora: 2:38 p.m.,2025-07-22
acbfef18-2ca5-59b1-91a4-b21baf951d85,servicio,40000,40000,0,transferencia,c6a839f3-cf39-5dcf-8cf0-bf71be354e3e,b4af6236-368c-5f96-a685-e8faf26e5144,,Hora: 3:07 p.m.,2025-07-23
431ab37f-f512-5e4c-ba32-0a213f7ff3f2,servicio,40000,40000,0,efectivo,2a410002-7521-5cf3-9f2c-ae35e0a8eea4,b4af6236-368c-5f96-a685-e8faf26e5144,,Hora: 3:38 p.m.,2025-07-23
f4f15617-6399-54b7-acce-0be0b8af6d84,servicio,40000,40000,10,efectivo,c11f3381-ba06-506e-908e-c4a4343db4db,b4af6236-368c-5f96-a685-e8faf26e5144,,Hora: 5:34 p.m.,2025-07-23
cabddd9a-2e8e-5e16-82d3-98e076a5b4a6,servicio,40000,40000,0,pos,1e7544bf-4b7a-5f95-80b4-a72faf7b87f9,b4af6236-368c-5f96-a685-e8faf26e5144,,Hora: 6:15 p.m.,2025-07-23
9d850cc3-0a0d-5ec5-a766-d3fe81fb219e,servicio,40000,40000,10,efectivo,2c9ee34d-fcce-5dcd-8045-b2713afc3eb0,b4af6236-368c-5f96-a685-e8faf26e5144,,Hora: 6:41 p.m.,2025-07-23
77005ebd-e354-56d9-a2bd-60d0566d0ead,servicio,40000,40000,0,efectivo,70a97e86-06a3-5d05-b2a3-364f157d038a,b4af6236-368c-5f96-a685-e8faf26e5144,,Hora: 3:24 p.m.,2025-07-24
b7a155e7-eaf4-5874-8e57-b7745d4837c5,servicio,40000,40000,0,efectivo,1aa121bd-0f5b-51a9-8a71-d9a8d4a72537,b4af6236-368c-5f96-a685-e8faf26e5144,,Hora: 1:37 p.m.,2025-07-25
0ef447f7-f11b-5ffa-b57d-8a7aa4077f9b,servicio,40000,40000,0,efectivo,e501d4d6-c23e-5386-ba01-8bcd2b95e453,b4af6236-368c-5f96-a685-e8faf26e5144,,Hora: 3:29 p.m.,2025-07-25
0971c540-bb40-5b47-a7c6-c10858a94ade,servicio,40000,40000,10,efectivo,8a5e1b95-95cf-5788-8b7a-506bcd0c222b,b4af6236-368c-5f96-a685-e8faf26e5144,,Hora: 3:55 p.m.,2025-07-25
051820f4-eaeb-5ef1-b181-5cc137cce57f,servicio,60000,60000,0,pos,81901e2b-eae6-51da-a39b-19dfe4546fbb,cb0e9128-f2f4-5d0f-9d6e-8c902c59fc83,,Hora: 4:37 p.m.,2025-07-25
0b9d3721-fa88-5d4a-8720-a265c3d6724d,servicio,40000,40000,10,efectivo,1c6333b3-2df1-54e7-a6ef-fc6720a6a0ad,b4af6236-368c-5f96-a685-e8faf26e5144,,Hora: 5:12 p.m.,2025-07-25
6fa1bb34-5b26-593f-8c7a-9420943bdd64,servicio,40000,40000,0,efectivo,6a6bb1da-0c49-58f4-8170-2627215bd354,b4af6236-368c-5f96-a685-e8faf26e5144,,Hora: 5:33 p.m.,2025-07-25
c6edbfb6-4d58-53ad-90aa-e2d723f4cd03,servicio,30000,30000,0,transferencia,4ab90db3-079f-51d0-ae8a-621881b76f00,4410801d-a633-524a-8dfa-0df5e44049d6,,Hora: 6:43 p.m.,2025-07-25
4b089d97-31d0-5724-9e2d-ab737ce65ce7,servicio,40000,40000,60,efectivo,6e3c23c6-da17-5319-a816-3c18312ac5bd,b4af6236-368c-5f96-a685-e8faf26e5144,,Hora: 7:26 p.m.,2025-07-25
55090e04-36cf-5d89-aad6-6c34ac2e7a97,servicio,40000,40000,0,efectivo,14a337e3-5293-5f6b-aa9a-87495daf81cf,b4af6236-368c-5f96-a685-e8faf26e5144,,Hora: 8:04 p.m.,2025-07-25
a71a4577-ec7a-579f-8ec8-de5aec22dae6,servicio,35000,35000,0,pos,e05b055b-65b5-515f-ab77-9b4a4542c518,910784b4-4669-5b74-bbb2-997a4d659b45,,Hora: 8:05 p.m.,2025-07-25
22c0c88f-062e-5274-a3b1-08c293ee2046,servicio,40000,40000,10,efectivo,c66a3734-7354-58da-80c0-82ad8bea7ff3,b4af6236-368c-5f96-a685-e8faf26e5144,,Hora: 3:14 p.m.,2025-07-26
4fac67d3-5693-5330-aaa1-46f804964749,servicio,40000,40000,0,pos,284bcacd-1fc6-5ebc-b8a4-278afa9ce581,b4af6236-368c-5f96-a685-e8faf26e5144,,Hora: 3:52 p.m.,2025-07-26
47ad7468-e89b-5b4e-ae5f-c11f7f39828d,servicio,40000,40000,10,efectivo,460b6b03-1d9e-50a3-97f1-cfa70afdba54,b4af6236-368c-5f96-a685-e8faf26e5144,,Hora: 4:16 p.m.,2025-07-26
f607de38-7c0f-5bbb-8f88-39fab1f4cd8e,cierre,,0,950,,,,,Hora: 2:32 p.m.,2025-07-26
387fbf2e-5b3a-59bb-9943-0d30ac921de4,servicio,40000,40000,10,efectivo,09596d85-630f-5df1-9b05-6105574eedbb,b4af6236-368c-5f96-a685-e8faf26e5144,,Hora: 2:40 p.m.,2025-07-29
fcd461c5-ebc6-506d-885e-41b649db11c0,servicio,40000,40000,0,efectivo,370ff6ff-c8ef-5b10-a887-9ead1f55e136,b4af6236-368c-5f96-a685-e8faf26e5144,,Hora: 3:13 p.m.,2025-07-29
7d4eb9aa-2401-5e8b-ac02-43ec86c1bc5f,servicio,40000,40000,60,efectivo,3df7723b-d431-5fa1-bf45-76a493c1871a,b4af6236-368c-5f96-a685-e8faf26e5144,,Hora: 3:35 p.m.,2025-07-29
f8c2fb87-6246-5fc3-96d2-ad2c2be67d76,servicio,40000,40000,0,efectivo,4bf24ada-9dc8-562d-8092-4021c161f10e,b4af6236-368c-5f96-a685-e8faf26e5144,,Hora: 4:10 p.m.,2025-07-29
c7ad6b9d-985b-5d90-a3ab-f382fb697b1f,servicio,40000,40000,0,efectivo,d3e97fc2-52b1-59f8-a8ed-690e97c13eff,b4af6236-368c-5f96-a685-e8faf26e5144,,Hora: 4:32 p.m.,2025-07-29
9861ee41-48fa-5fbb-b23e-b5ae1022c8c0,servicio,40000,40000,10,,620a38a4-4473-5bb5-b601-66ffc4f257a9,b4af6236-368c-5f96-a685-e8faf26e5144,,Hora: 5:54 p.m.,2025-07-29
f5ac3e0e-55cf-5ce1-aa4c-c79d801197d8,servicio,40000,40000,60,efectivo,87aa7671-6798-5e89-a803-1ffa8f96883d,b4af6236-368c-5f96-a685-e8faf26e5144,,Hora: 6:24 p.m.,2025-07-29
62c9da29-ac29-5372-aae6-be744579f261,servicio,40000,40000,60,efectivo,d401ba6b-58d2-5444-97cf-30fd89d79e6b,b4af6236-368c-5f96-a685-e8faf26e5144,,Hora: 6:50 p.m.,2025-07-29
e7cd64e1-a99f-5bd6-8768-6ceeb0b87a7a,servicio,60000,60000,0,efectivo,8ec42f06-f6ec-5278-b651-5da900a07594,cb0e9128-f2f4-5d0f-9d6e-8c902c59fc83,,Hora: 7:25 p.m.,2025-07-29
a8fb0434-3b7b-5e9e-bff3-92d780fe2eff,servicio,40000,40000,0,efectivo,8cf7412e-af38-5de5-9bda-edfc2f683cae,b4af6236-368c-5f96-a685-e8faf26e5144,,Hora: 7:55 p.m.,2025-07-29
9c5935c8-c11d-5456-adf7-041a406538d9,servicio,60000,60000,0,pos,8cef0a5b-fe61-56a2-9a55-00041aba29f5,cb0e9128-f2f4-5d0f-9d6e-8c902c59fc83,,Hora: 8:33 p.m.,2025-07-29
0f021265-9138-5626-8418-f60e510e707e,servicio,40000,40000,0,transferencia,1f10adc0-dc5d-5456-b68f-c294e999a350,b4af6236-368c-5f96-a685-e8faf26e5144,,Hora: 9:30 p.m.,2025-07-29
831b4fbf-dfc5-5c50-a1ce-63f56fac28e1,servicio,40000,40000,0,efectivo,128dbcbf-c2b7-5909-b213-e352e873ccf9,b4af6236-368c-5f96-a685-e8faf26e5144,,Hora: 9:54 p.m.,2025-07-29
b0fae3c2-79d3-5f50-9c1e-fa5afbfdfd16,servicio,60000,60000,0,pos,67da51dc-58dd-5b3d-904b-0645b87c4666,cb0e9128-f2f4-5d0f-9d6e-8c902c59fc83,,Hora: 1:16 p.m.,2025-07-30
5e04bd47-d989-572f-b6dd-9646e6fa1a46,servicio,60000,60000,10,efectivo,ec16e0ba-833f-5c20-84a6-b5002996f61b,cb0e9128-f2f4-5d0f-9d6e-8c902c59fc83,,Hora: 2:50 p.m.,2025-07-30
7a16ed7c-865d-5499-a1fa-28db25cbab87,servicio,40000,40000,0,pos,82e938d9-27ae-5297-a879-ff5a7b9e365f,b4af6236-368c-5f96-a685-e8faf26e5144,,Hora: 3:10 p.m.,2025-07-30
92e15368-29db-5b37-9339-37333f7ff50a,servicio,40000,40000,0,efectivo,e80afc55-2470-540a-b893-68e1bdf84bd7,b4af6236-368c-5f96-a685-e8faf26e5144,,Hora: 4:05 p.m.,2025-07-30
d4f660fd-7b3c-5b17-a3a5-19d213443a64,servicio,40000,40000,0,efectivo,fedfe56a-310f-5fe2-ac91-bd9c1be2f9f7,b4af6236-368c-5f96-a685-e8faf26e5144,,Hora: 5:06 p.m.,2025-07-30
ae88d279-3d99-50a4-9427-368e68921225,servicio,35000,35000,0,efectivo,fedfe56a-310f-5fe2-ac91-bd9c1be2f9f7,910784b4-4669-5b74-bbb2-997a4d659b45,,Hora: 5:07 p.m.,2025-07-30
4a4cb04b-1b1b-5781-833a-4373e9b71c3e,servicio,30000,30000,20,efectivo,,4410801d-a633-524a-8dfa-0df5e44049d6,,Hora: 6:17 p.m.,2025-07-30
acf3421f-c2ed-58b2-9aa7-7e97013122ff,servicio,40000,40000,0,pos,e942f390-667e-5e39-bd5c-4dd640fa4a69,b4af6236-368c-5f96-a685-e8faf26e5144,,Hora: 6:42 p.m.,2025-07-30
32be4f36-4eaf-5725-94b1-b312844be6fd,servicio,40000,40000,10,efectivo,d0082e2c-545a-5b22-bea6-99a6d090b94b,b4af6236-368c-5f96-a685-e8faf26e5144,,Hora: 7:06 p.m.,2025-07-30
49d5265a-ba13-55ec-896a-5994aee1964b,servicio,40000,40000,0,pos,a7f241e5-de2b-5fe2-accf-e2cb4d7c7803,b4af6236-368c-5f96-a685-e8faf26e5144,,Hora: 8:51 p.m.,2025-07-30
3d851117-2a0b-571f-b395-6182692a7bd0,servicio,40000,40000,0,pos,33074d0b-f139-5f05-991a-8bc53eaa9ae8,b4af6236-368c-5f96-a685-e8faf26e5144,,Hora: 8:51 p.m.,2025-07-30
89b6adf9-91a6-5ee7-aebd-98c94a7f54a1,servicio,40000,40000,0,efectivo,30c7648d-fe47-5dc9-850e-99fd95676198,b4af6236-368c-5f96-a685-e8faf26e5144,,Hora: 3:53 p.m.,2025-07-31
00de0c92-5525-57cf-ad78-2e2a8bc9f101,servicio,40000,40000,60,,c589054d-abf6-56c7-9479-75d05cd8b0a4,b4af6236-368c-5f96-a685-e8faf26e5144,,Su hijo se corto | Hora: 4:33 p.m.,2025-07-31
c6c2ecb7-8dbc-5f90-baa5-ca09055985e2,servicio,40000,40000,10,efectivo,e298e6fa-493e-5691-87ab-d771c05b95a8,b4af6236-368c-5f96-a685-e8faf26e5144,,Hora: 5:02 p.m.,2025-07-31
8f2e8109-98df-559b-bfd4-1d38dc72975c,servicio,40000,40000,0,efectivo,73ef9f7d-74b6-565c-bdcf-d9834d75cf2d,b4af6236-368c-5f96-a685-e8faf26e5144,,Hora: 5:30 p.m.,2025-07-31
51e84f94-53ce-510f-b4f1-12b874586df8,servicio,40000,40000,0,pos,d3a59015-23ec-528a-971b-f6a64c526e09,b4af6236-368c-5f96-a685-e8faf26e5144,,Hora: 5:48 p.m.,2025-07-31
21dfec73-cb48-5e55-bfa6-53bfc29e3ece,servicio,40000,40000,10,efectivo,a2364d1a-a5c0-5b16-b1d2-1ed9ae6ce6a5,b4af6236-368c-5f96-a685-e8faf26e5144,,Hora: 6:17 p.m.,2025-07-31
1af15c76-7bff-5452-b5d5-4d035573adc4,servicio,30000,30000,20,efectivo,03a08b13-8b30-50cb-926a-876da01157b8,4410801d-a633-524a-8dfa-0df5e44049d6,,Hora: 6:34 p.m.,2025-07-31
c0b78286-b8c1-5916-8879-4c0db7db2037,servicio,35000,35000,0,pos,4930c206-af21-5fdf-9841-f3b8879a09dc,910784b4-4669-5b74-bbb2-997a4d659b45,,Hora: 7:07 p.m.,2025-07-31
a7b6577f-90b4-5060-ad39-c8afcd2ae371,servicio,40000,40000,0,transferencia,57decaad-efc1-5deb-b437-30b3d2b0ac1e,b4af6236-368c-5f96-a685-e8faf26e5144,,Hora: 8:33 p.m.,2025-07-31
506f7413-a049-54ce-9a78-a94efc02d292,servicio,40000,40000,0,pos,c08d0836-02a6-50bf-8cf7-06bada109a27,b4af6236-368c-5f96-a685-e8faf26e5144,,Hora: 12:20 p.m.,2025-08-01
506f7413-a049-54ce-9a78-a94efc02d292,servicio,40000,40000,0,pos,c08d0836-02a6-50bf-8cf7-06bada109a27,b4af6236-368c-5f96-a685-e8faf26e5144,,Hora: 12:21 p.m.,2025-08-01
5b2c1fd2-20ae-52ad-9baf-f53a34d401c0,servicio,40000,40000,0,efectivo,d710d175-b848-5b32-b3ef-5ff3fb1617a7,b4af6236-368c-5f96-a685-e8faf26e5144,,Hora: 12:48 p.m.,2025-08-01
883460c6-6816-5331-87b6-b2401322eb95,servicio,40000,40000,0,pos,542ce679-204a-5791-b69c-d8f7f8680032,b4af6236-368c-5f96-a685-e8faf26e5144,,Hora: 2:40 p.m.,2025-08-01
68c99c83-cc5a-572a-b637-89d2c64419da,servicio,40000,40000,0,pos,2a410002-7521-5cf3-9f2c-ae35e0a8eea4,b4af6236-368c-5f96-a685-e8faf26e5144,,Hora: 3:40 p.m.,2025-08-01
70e6ad8f-5424-5202-91a1-564659f7d3f8,servicio,40000,40000,0,efectivo,df421a6c-7291-5974-95cd-619152d39b51,b4af6236-368c-5f96-a685-e8faf26e5144,,Hora: 4:53 p.m.,2025-08-01
c532ee63-136f-531c-94cd-260c12acc47a,servicio,60000,60000,0,pos,0e7e3148-5cc3-5234-91b4-74a754332841,cb0e9128-f2f4-5d0f-9d6e-8c902c59fc83,,Hora: 5:34 p.m.,2025-08-01
197a93c3-b755-5d8b-b9a0-461f4e40584b,servicio,40000,40000,10,efectivo,870268fd-b0ac-5019-9537-814d5ef0a586,b4af6236-368c-5f96-a685-e8faf26e5144,,Hora: 6:11 p.m.,2025-08-01
30d24c52-3c19-54fd-9baf-13019e5a3a97,servicio,40000,40000,0,pos,f411c0f7-a50a-5359-99e1-51a2685ba716,b4af6236-368c-5f96-a685-e8faf26e5144,,Hora: 6:59 p.m.,2025-08-01
e4fe3f6d-71aa-5665-91e5-cf1e5da60c03,servicio,40000,40000,0,pos,46907921-de73-5aa6-9ea4-eb7fac9f9198,b4af6236-368c-5f96-a685-e8faf26e5144,,Hora: 7:15 p.m.,2025-08-01
7cb62c38-5522-5cc7-8bd1-b0e08d5a3424,servicio,30000,30000,0,efectivo,,4410801d-a633-524a-8dfa-0df5e44049d6,,Hora: 7:17 p.m.,2025-08-01
db03ca91-8169-5d60-bae0-82b01b8f920e,servicio,40000,40000,0,efectivo,6206d02b-206c-52d6-b01e-626dd3ed387a,b4af6236-368c-5f96-a685-e8faf26e5144,,Hora: 1:59 p.m.,2025-08-02
674c792a-ca6b-502e-85ae-1a9a45e18341,servicio,30000,30000,0,pos,f3718f9f-09c5-57a2-933b-84059241e62b,4410801d-a633-524a-8dfa-0df5e44049d6,,Hora: 2:27 p.m.,2025-08-02
6850676b-5690-5c13-9801-ed7431e4fc46,servicio,40000,40000,0,transferencia,69608dc3-9353-5405-84bb-94f260327aab,b4af6236-368c-5f96-a685-e8faf26e5144,,Hora: 3:19 p.m.,2025-08-02
101528cf-23fa-5a46-a18d-e1f926b2d644,servicio,40000,40000,0,pos,660c5c1a-2b41-518f-a25a-f05ac430c68b,b4af6236-368c-5f96-a685-e8faf26e5144,,Hora: 3:45 p.m.,2025-08-02
06309cea-1c61-5be2-acec-8371b7ada572,servicio,40000,40000,0,pos,ccb6c251-539f-58cb-a1da-eed209720136,b4af6236-368c-5f96-a685-e8faf26e5144,,Hora: 5:33 p.m.,2025-08-02
f77d5f5b-5777-5b6d-89ae-8fcefbc0b98c,servicio,60000,60000,40,efectivo,6f09f562-9730-5460-9fd3-f8bdeb976692,cb0e9128-f2f4-5d0f-9d6e-8c902c59fc83,,Hora: 5:43 p.m.,2025-08-02
5f8bd676-d22e-5c50-9f0c-7305cc7ba11d,cierre,,0,937,,,,,Hora: 1:37 p.m.,2025-08-02
24f1c7dd-7dc9-57f9-aee6-f52d1fae680a,servicio,40000,40000,0,transferencia,e757b3c2-70c2-5f3a-881e-647545f29255,b4af6236-368c-5f96-a685-e8faf26e5144,,Hora: 4:09 p.m.,2025-08-04
a74b0228-76c6-5af8-b73c-9fb177c4839c,servicio,,0,0,transferencia,3f723510-ce82-5a79-a972-67a078067671,,,Hora: 4:47 p.m.,2025-08-04
fdf30c34-80a0-5362-a5c2-4c8ea173cb31,servicio,40000,40000,0,,3f723510-ce82-5a79-a972-67a078067671,b4af6236-368c-5f96-a685-e8faf26e5144,,Hora: 4:49 p.m.,2025-08-04
48451fb2-6589-5569-812a-7e4a920d4881,servicio,40000,40000,10,efectivo,4fbac166-c692-5077-859f-99e9fd498c59,b4af6236-368c-5f96-a685-e8faf26e5144,,Hora: 3:03 p.m.,2025-08-05
dbd481ce-3579-5745-95f3-52b055cd1776,servicio,40000,40000,0,transferencia,578d5171-0c5f-5ee8-b8c9-2da7b9f8188e,b4af6236-368c-5f96-a685-e8faf26e5144,,Hora: 3:54 p.m.,2025-08-05
496604ed-a580-529e-92d7-05705dba936b,servicio,40000,40000,60,efectivo,5d51942b-4f93-561b-82b1-b81dd194a7c2,b4af6236-368c-5f96-a685-e8faf26e5144,,Hora: 5:14 p.m.,2025-08-05
d1c52448-d774-5501-a04b-046b38126df8,servicio,40000,40000,0,transferencia,61f75a6f-13cb-5b39-a13e-5cbcc1b897ba,b4af6236-368c-5f96-a685-e8faf26e5144,,Hora: 2:55 p.m.,2025-08-06
6bb682d3-93f8-5c0e-870b-797da9d5ae74,servicio,35000,35000,0,transferencia,,910784b4-4669-5b74-bbb2-997a4d659b45,,Hora: 3:57 p.m.,2025-08-06
7a09908b-b9b1-58f9-af0a-92d013178d69,servicio,40000,40000,0,transferencia,62dc27bf-b4db-5828-b285-be1de2ee16f3,b4af6236-368c-5f96-a685-e8faf26e5144,,Hora: 4:22 p.m.,2025-08-06
2087a7f1-b01d-595d-b289-097cf787cf43,servicio,40000,40000,0,transferencia,23a29d57-ba59-5b8a-b379-63b640ea6e0b,b4af6236-368c-5f96-a685-e8faf26e5144,,Hora: 6:21 p.m.,2025-08-06
38da3b0b-b2ea-5e06-a5a2-2fb80979f464,servicio,40000,40000,0,transferencia,1c428c0d-9b70-58df-ba7c-48315cca8934,b4af6236-368c-5f96-a685-e8faf26e5144,,Hora: 7:35 p.m.,2025-08-06
a868acb4-3c31-5a27-ae8c-5d82a6778f05,servicio,40000,40000,0,transferencia,35064fad-9ff3-50cb-8f11-8a31ffd0d0b3,b4af6236-368c-5f96-a685-e8faf26e5144,,Hora: 11:18 a.m.,2025-08-07
6281b45c-62ef-57d0-b993-2334caeb6708,servicio,25000,25000,-250000000000000,efectivo,5b95aa48-1302-5014-b86f-ff8707c7da2a,8b3eb052-313c-5bd1-a6bb-4106ed0592af,,Hora: 3:23 p.m.,2025-08-07
642fab8c-b6f6-50b0-b88b-6bce1f0e344b,servicio,40000,40000,-400000000000000,transferencia,ee466ba6-b415-5107-a1a6-966eebb44c3f,b4af6236-368c-5f96-a685-e8faf26e5144,,Hora: 4:28 p.m.,2025-08-07
80ad9e06-c24d-5504-b177-6121021f6b51,servicio,40000,40000,-400000000000000,transferencia,484f5b73-86e2-5fa7-b4ad-17d41adbbb2d,b4af6236-368c-5f96-a685-e8faf26e5144,,Hora: 4:59 p.m.,2025-08-07
63cd150d-28c0-552b-9a3e-79c1cc49091b,servicio,40000,40000,0,efectivo,,b4af6236-368c-5f96-a685-e8faf26e5144,,Hora: 5:00 p.m.,2025-08-07
63cd150d-28c0-552b-9a3e-79c1cc49091b,servicio,40000,40000,0,efectivo,,b4af6236-368c-5f96-a685-e8faf26e5144,,Hora: 5:00 p.m.,2025-08-07
22422a18-dac7-5056-b0c2-08e45d7033f9,servicio,35000,35000,0,efectivo,,910784b4-4669-5b74-bbb2-997a4d659b45,,Hora: 5:00 p.m.,2025-08-07
5768f779-6e01-576d-af98-ab609717ec8a,servicio,35000,35000,0,transferencia,b10a8a12-97a9-51f1-ae16-da5bac58e023,910784b4-4669-5b74-bbb2-997a4d659b45,,Hora: 5:22 p.m.,2025-08-07
0c66c1c7-b5de-58ba-940f-13b676880be0,servicio,30000,30000,0,efectivo,a778dca5-3360-5bd5-ad72-67cd988e503f,4410801d-a633-524a-8dfa-0df5e44049d6,,Hora: 5:49 p.m.,2025-08-07
d18a077d-e7cd-5920-881a-0eee7b3d25b4,servicio,30000,30000,0,pos,7d49e5e0-ec0a-5e1a-8d82-e7102b54de36,4410801d-a633-524a-8dfa-0df5e44049d6,,Hora: 6:31 p.m.,2025-08-07
4264cb4a-36e2-57ec-baee-2866da9d8b58,servicio,40000,40000,10,efectivo,8264096e-b8bb-51d4-8c8b-91942877e98f,b4af6236-368c-5f96-a685-e8faf26e5144,,Hora: 6:38 p.m.,2025-08-07
05412f14-b9f2-56fc-8857-d1286f19cc0b,servicio,40000,40000,0,transferencia,eddc7652-d368-5b0d-9c6d-8b0e14e7b422,b4af6236-368c-5f96-a685-e8faf26e5144,,Hora: 2:49 p.m.,2025-08-08
092919dd-15b9-5e43-be3a-03f0e0d9da27,servicio,40000,40000,0,efectivo,1aa121bd-0f5b-51a9-8a71-d9a8d4a72537,b4af6236-368c-5f96-a685-e8faf26e5144,,Hora: 2:53 p.m.,2025-08-08
ae9cf171-24f5-570b-863e-382f3bc8986e,servicio,40000,40000,10,efectivo,0d7a5ab7-b0b3-5116-a959-8c8fa34a6ef7,b4af6236-368c-5f96-a685-e8faf26e5144,,Hora: 2:54 p.m.,2025-08-08
181de17c-2136-5f2a-af42-f13d2e361a11,servicio,40000,40000,0,transferencia,a35de73c-78d4-5286-b2a5-58f1fcfb6322,b4af6236-368c-5f96-a685-e8faf26e5144,,Hora: 2:54 p.m.,2025-08-08
e6aca95a-e3c8-533a-89c4-980cbaeafbbb,servicio,40000,40000,60,,a4f0883b-bdf1-50b6-bd82-89ba4c9ed51f,b4af6236-368c-5f96-a685-e8faf26e5144,,Hora: 3:30 p.m.,2025-08-08
d6c1b88f-abea-5680-a189-f3c2392bf1f7,servicio,40000,40000,10,efectivo,c66a3734-7354-58da-80c0-82ad8bea7ff3,b4af6236-368c-5f96-a685-e8faf26e5144,,Hora: 4:00 p.m.,2025-08-08
d3c288a8-c001-561f-9390-7d235c662a9e,servicio,40000,40000,0,efectivo,e39d7b3d-4049-5a96-9db9-6c4a1ed86d32,b4af6236-368c-5f96-a685-e8faf26e5144,,Hora: 5:08 p.m.,2025-08-08
a9f0c000-b36a-5a13-9113-73cedce979f4,servicio,40000,40000,0,pos,d3a59015-23ec-528a-971b-f6a64c526e09,b4af6236-368c-5f96-a685-e8faf26e5144,,Hora: 5:52 p.m.,2025-08-08
a76723f5-32ff-511a-afe1-9a783c4191a1,servicio,40000,40000,0,efectivo,e501d4d6-c23e-5386-ba01-8bcd2b95e453,b4af6236-368c-5f96-a685-e8faf26e5144,,Hora: 2:11 p.m.,2025-08-09
90c50c59-e3f1-5a89-8db5-ede80ab68ba3,servicio,35000,35000,0,transferencia,1e7544bf-4b7a-5f95-80b4-a72faf7b87f9,910784b4-4669-5b74-bbb2-997a4d659b45,,Hora: 2:52 p.m.,2025-08-09
d2d44128-b947-5f07-bdd5-5ee9d1f90742,servicio,35000,35000,0,efectivo,dba64a08-a559-5da5-8622-5dd9fa6e4106,910784b4-4669-5b74-bbb2-997a4d659b45,,Hora: 5:01 p.m.,2025-08-09
a8d3042c-0ee8-5c79-9cdb-958da1550dbc,servicio,60000,60000,0,,394126ba-6ad4-5d6e-a183-dbc9ee481e92,cb0e9128-f2f4-5d0f-9d6e-8c902c59fc83,,Hora: 6:06 p.m.,2025-08-09
325a5c73-9832-5cb0-8a0b-09764c67ec98,servicio,40000,40000,60,,2c9ee34d-fcce-5dcd-8045-b2713afc3eb0,b4af6236-368c-5f96-a685-e8faf26e5144,,Hora: 6:25 p.m.,2025-08-09
e35d35a0-8c63-59af-967a-cb159d2dc5b6,servicio,40000,40000,0,efectivo,d3e97fc2-52b1-59f8-a8ed-690e97c13eff,b4af6236-368c-5f96-a685-e8faf26e5144,,Hora: 2:41 p.m.,2025-08-11
e255c8bd-440a-587f-bdf7-1631651931b6,servicio,40000,40000,10,efectivo,,b4af6236-368c-5f96-a685-e8faf26e5144,,Hora: 3:46 p.m.,2025-08-11
0e3dd67b-b8e1-5fed-acee-8a1fd16e02cc,servicio,40000,40000,0,transferencia,b10a8a12-97a9-51f1-ae16-da5bac58e023,b4af6236-368c-5f96-a685-e8faf26e5144,,Hora: 4:19 p.m.,2025-08-11
c40647d8-360d-5876-b155-be8139058e9a,servicio,40000,40000,0,efectivo,a2f9b728-c687-5305-8502-3501ea696520,b4af6236-368c-5f96-a685-e8faf26e5144,,Hora: 4:44 p.m.,2025-08-11
1e7a0bc4-ad6d-5bbd-9a54-d829f5972750,servicio,40000,40000,0,efectivo,87af7412-d351-5cd2-8666-471564d56c8f,b4af6236-368c-5f96-a685-e8faf26e5144,,Hora: 2:41 p.m.,2025-08-12
b06e4700-5d0e-5cbd-b340-e4076123d926,servicio,40000,40000,60,efectivo,61f75a6f-13cb-5b39-a13e-5cbcc1b897ba,b4af6236-368c-5f96-a685-e8faf26e5144,,Hora: 5:46 p.m.,2025-08-12
ff4187b8-c1c5-5f0a-9933-bd86813e9a27,servicio,35000,35000,0,transferencia,dcd06c55-1aa0-5686-ba0c-999b1cfc23da,910784b4-4669-5b74-bbb2-997a4d659b45,,Hora: 5:55 p.m.,2025-08-12
1d37e719-a878-53c7-a308-1c7beddbc4d3,servicio,40000,40000,0,pos,5e309796-7b2e-588f-86e3-8192298cc2b7,b4af6236-368c-5f96-a685-e8faf26e5144,,Hora: 6:14 p.m.,2025-08-12
cd0f375f-ed43-5a21-b9ed-d9cbb6206bca,servicio,40000,40000,0,efectivo,e80afc55-2470-540a-b893-68e1bdf84bd7,b4af6236-368c-5f96-a685-e8faf26e5144,,Hora: 6:41 p.m.,2025-08-12
70e93cd7-2573-5058-a260-f7f272603278,servicio,40000,40000,0,efectivo,741db54f-c561-5d46-8155-4ca444c3b661,b4af6236-368c-5f96-a685-e8faf26e5144,,Hora: 7:22 p.m.,2025-08-12
1157b16b-f72f-5674-a96b-d5b6b981a526,servicio,40000,40000,0,pos,3eb0f69b-da35-5304-bafa-1476936d5dab,b4af6236-368c-5f96-a685-e8faf26e5144,,Hora: 11:06 a.m.,2025-08-13
a25e71a7-a159-5f45-90fe-1685ae5e7a72,servicio,40000,40000,60,efectivo,460b6b03-1d9e-50a3-97f1-cfa70afdba54,b4af6236-368c-5f96-a685-e8faf26e5144,,Hora: 2:36 p.m.,2025-08-13
5109e16c-3aa2-5a3c-81d3-fbe16a16ff48,servicio,40000,40000,0,transferencia,2a0cbfe6-9cf1-59c0-b02c-ca60c8113740,b4af6236-368c-5f96-a685-e8faf26e5144,,Hora: 3:14 p.m.,2025-08-13
ad6ac110-3b49-50d3-8dfe-ad4f152eb1fb,servicio,35000,35000,15,efectivo,,910784b4-4669-5b74-bbb2-997a4d659b45,,Hora: 3:50 p.m.,2025-08-13
4bd32f1f-6ce9-589e-8f54-c691f9fe0799,servicio,40000,40000,10,efectivo,f3718f9f-09c5-57a2-933b-84059241e62b,b4af6236-368c-5f96-a685-e8faf26e5144,,Hora: 3:54 p.m.,2025-08-14
e17080ad-7592-5eb6-bf64-f9f89b689244,servicio,40000,40000,0,pos,82e938d9-27ae-5297-a879-ff5a7b9e365f,b4af6236-368c-5f96-a685-e8faf26e5144,,Hora: 5:23 p.m.,2025-08-14
155c8752-6c1a-5950-898d-81f2f20645b0,servicio,40000,40000,0,pos,dcbe36e6-3fca-59ee-91dd-0da2bb32d73b,b4af6236-368c-5f96-a685-e8faf26e5144,,Hora: 5:58 p.m.,2025-08-14
bb327c8c-dd77-5c99-8a26-627672b17d3d,servicio,40000,40000,0,pos,d3a59015-23ec-528a-971b-f6a64c526e09,b4af6236-368c-5f96-a685-e8faf26e5144,,Hora: 7:01 p.m.,2025-08-14
214921d6-1a0d-5e78-a622-0766c4598ed8,servicio,60000,60000,0,pos,81901e2b-eae6-51da-a39b-19dfe4546fbb,cb0e9128-f2f4-5d0f-9d6e-8c902c59fc83,,Hora: 10:49 a.m.,2025-08-16
b3e9693d-4093-5c41-9884-3bf0a3365942,servicio,40000,40000,0,efectivo,284bcacd-1fc6-5ebc-b8a4-278afa9ce581,b4af6236-368c-5f96-a685-e8faf26e5144,,Hora: 4:42 p.m.,2025-08-19
582dfd4b-e555-5faa-ae0a-0e9335ecfa99,servicio,60000,60000,0,efectivo,bd452d7a-b37f-5512-8106-da3985e1cc10,cb0e9128-f2f4-5d0f-9d6e-8c902c59fc83,,Hora: 2:34 p.m.,2025-08-20
9534ba71-ec36-532a-8f39-19d7d9b0721d,servicio,25000,25000,-50000000000000,efectivo,1aa121bd-0f5b-51a9-8a71-d9a8d4a72537,8b3eb052-313c-5bd1-a6bb-4106ed0592af,,Hora: 3:02 p.m.,2025-08-20
0601604e-7fe3-5d35-b493-0395786bf6ae,servicio,40000,40000,60,efectivo,a008dff8-b630-57ca-b3bf-d2ac97e3b2eb,b4af6236-368c-5f96-a685-e8faf26e5144,,Hora: 4:41 p.m.,2025-08-20
100695c8-d722-5474-8d01-84f171491761,servicio,40000,40000,0,efectivo,f2bbde31-5c77-56fb-acea-b4bb7c056fc3,b4af6236-368c-5f96-a685-e8faf26e5144,,Hora: 5:27 p.m.,2025-08-20
c2b7f1f2-eef3-5391-b10d-4a20d91387d4,servicio,40000,40000,0,pos,94c9ce49-ae50-5828-b95a-e846c7147f17,b4af6236-368c-5f96-a685-e8faf26e5144,,Hora: 5:38 p.m.,2025-08-21
958cea4b-a65b-5ec5-b4df-8473ad621ebb,servicio,40000,40000,0,pos,1e7544bf-4b7a-5f95-80b4-a72faf7b87f9,b4af6236-368c-5f96-a685-e8faf26e5144,,Hora: 6:02 p.m.,2025-08-21
a813523e-0f10-5dbb-9bbc-927c922dd416,servicio,40000,40000,10,efectivo,9c0d8d26-aa71-50b8-9c35-acc7aed9dae1,b4af6236-368c-5f96-a685-e8faf26e5144,,Hora: 7:19 p.m.,2025-08-21
c5ffa004-9d94-5f5d-80c0-4f204c857a23,servicio,40000,40000,0,transferencia,99e58228-5636-576f-bdd4-05b8bb7438f9,b4af6236-368c-5f96-a685-e8faf26e5144,,Hora: 12:04 p.m.,2025-08-22
a967e3bf-e1f2-5e36-a2da-95f9e863fbea,servicio,40000,40000,0,transferencia,428428f5-04c3-57b0-92db-cfaa96d2c9fb,b4af6236-368c-5f96-a685-e8faf26e5144,,Hora: 2:27 p.m.,2025-08-22
60f9e250-9ffb-553c-9340-7343f9e0b982,servicio,40000,40000,0,transferencia,ab05f46b-4990-5aaa-a2de-0c5efb457f96,b4af6236-368c-5f96-a685-e8faf26e5144,,Hora: 2:28 p.m.,2025-08-22
cad69be9-f06a-5913-a4fe-0deafbae9979,servicio,30000,30000,0,efectivo,4320d871-82c3-50f2-ba1b-bcc69c1aff1d,4410801d-a633-524a-8dfa-0df5e44049d6,,Hora: 2:43 p.m.,2025-08-22
92cfe81b-c661-581d-896a-1e694cf2da69,servicio,35000,35000,0,pos,c51ab8b9-3873-55e8-b32c-af3076e6371f,910784b4-4669-5b74-bbb2-997a4d659b45,,Hora: 3:04 p.m.,2025-08-22
ca9ccf11-26d3-5b3c-8521-86f18c63655f,servicio,40000,40000,0,efectivo,542ce679-204a-5791-b69c-d8f7f8680032,b4af6236-368c-5f96-a685-e8faf26e5144,,Hora: 3:57 p.m.,2025-08-22
757075e4-6779-5d0a-ac32-3afd28e2780e,servicio,40000,40000,60,efectivo,c66a3734-7354-58da-80c0-82ad8bea7ff3,b4af6236-368c-5f96-a685-e8faf26e5144,,Hora: 4:30 p.m.,2025-08-22
3ad8db4a-7ede-5165-a5c6-472b57c218cd,servicio,40000,40000,0,pos,a85cf9c9-7184-5b01-92cb-087851d67525,b4af6236-368c-5f96-a685-e8faf26e5144,,Hora: 5:01 p.m.,2025-08-22
0a2ab088-e3f6-573e-8c5f-a7a59d6847b0,servicio,40000,40000,0,pos,90fddc2d-ca82-56de-b84f-282d8385ec30,b4af6236-368c-5f96-a685-e8faf26e5144,,Hora: 5:49 p.m.,2025-08-22
6bd09b4b-eee5-5000-8cdb-921a3258cb9c,servicio,40000,40000,0,transferencia,5e8c37ce-10aa-5dc5-9847-3cdb64422ad3,b4af6236-368c-5f96-a685-e8faf26e5144,,Hora: 6:49 p.m.,2025-08-22
ba4aa41e-5ee5-5bc5-a4a2-442746daf11e,servicio,35000,35000,0,transferencia,8788e898-7392-5ec0-9a75-c2f79951a11a,910784b4-4669-5b74-bbb2-997a4d659b45,,Hora: 7:13 p.m.,2025-08-22
91b5e351-7f8b-5c96-9424-038a03ef5c62,servicio,40000,40000,0,pos,d3a59015-23ec-528a-971b-f6a64c526e09,b4af6236-368c-5f96-a685-e8faf26e5144,,Hora: 7:36 p.m.,2025-08-22
d5500d83-00f9-5e25-ba34-9ab285af6aa8,servicio,40000,40000,0,transferencia,57decaad-efc1-5deb-b437-30b3d2b0ac1e,b4af6236-368c-5f96-a685-e8faf26e5144,,Hora: 11:23 a.m.,2025-08-23
13cf7031-0b3b-5921-a657-af2d9adb2ca3,servicio,40000,40000,0,transferencia,2824e43d-c22a-595a-9b70-24c9f2cb738d,b4af6236-368c-5f96-a685-e8faf26e5144,,Hora: 3:00 p.m.,2025-08-23
de65a65f-c8d1-58bf-8b4e-89fb542a3ccf,servicio,60000,60000,0,pos,0e7e3148-5cc3-5234-91b4-74a754332841,cb0e9128-f2f4-5d0f-9d6e-8c902c59fc83,,Hora: 4:38 p.m.,2025-08-23
5a3055c2-fec2-5f32-8e19-6ea62450ec18,servicio,40000,40000,0,transferencia,1c428c0d-9b70-58df-ba7c-48315cca8934,b4af6236-368c-5f96-a685-e8faf26e5144,,Hora: 5:58 p.m.,2025-08-23
481c29a1-7a3e-5cfe-b592-ee401c5e882a,servicio,40000,40000,0,pos,e54d809b-b0e0-56a1-81e6-0a0a19f4e0cc,b4af6236-368c-5f96-a685-e8faf26e5144,,Hora: 6:23 p.m.,2025-08-23
75946748-42e9-5473-a566-2391f8e55e9c,servicio,40000,40000,60,efectivo,4bf24ada-9dc8-562d-8092-4021c161f10e,b4af6236-368c-5f96-a685-e8faf26e5144,,Hora: 8:01 p.m.,2025-08-23
bfebbf2b-4be7-54fb-864a-2bd65de20f4a,servicio,40000,40000,0,efectivo,e501d4d6-c23e-5386-ba01-8bcd2b95e453,b4af6236-368c-5f96-a685-e8faf26e5144,,Hora: 2:54 p.m.,2025-08-26
993277d5-d26e-585c-a693-f251d13b9b37,servicio,40000,40000,60,efectivo,e2ac7271-ec5a-52e9-98f1-7646f7522fc0,b4af6236-368c-5f96-a685-e8faf26e5144,,Hora: 4:10 p.m.,2025-08-26
3ee92e13-a80d-54b1-a9d0-3cadff4bd4e0,servicio,40000,40000,60,efectivo,620a38a4-4473-5bb5-b601-66ffc4f257a9,b4af6236-368c-5f96-a685-e8faf26e5144,,Hora: 4:50 p.m.,2025-08-26
5941c78b-ccb8-5b21-9679-d1caeb84564b,servicio,40000,40000,0,pos,e80afc55-2470-540a-b893-68e1bdf84bd7,b4af6236-368c-5f96-a685-e8faf26e5144,,Hora: 5:20 p.m.,2025-08-26
3d61b932-1d63-5c47-8591-8651a064d54b,servicio,40000,40000,0,pos,196ca724-a2f9-5a88-a29c-9b4e52af6294,b4af6236-368c-5f96-a685-e8faf26e5144,,Hora: 5:56 p.m.,2025-08-26
ee14b107-f178-5ed8-b692-ce6cf014d91e,servicio,40000,40000,0,pos,d754e181-db8e-57ec-834b-7696926398f6,b4af6236-368c-5f96-a685-e8faf26e5144,,,2025-08-26
bdf79ebe-dfb5-53ee-bed0-f9a854416169,servicio,40000,40000,0,pos,87c0c2e0-bb5b-5d95-ac41-00272c4d648e,b4af6236-368c-5f96-a685-e8faf26e5144,,Hora: 9:11 a.m.,2025-08-26
72ed8575-8fee-567c-b919-90a2f24409fe,servicio,40000,40000,0,pos,4870fb15-0d36-504d-874a-cfb6ff83faf4,b4af6236-368c-5f96-a685-e8faf26e5144,,Hora: 9:12 a.m.,2025-08-26
d79ec740-8d35-5374-a1b9-974dded96e65,gasto,,0,84,,,,,Hora: 12:22 p.m. | Fuente: Caja,2025-08-27
11c4d7af-d829-5729-b786-1930ebc0e09e,servicio,40000,40000,0,transferencia,7a0247ed-5e5f-5e41-90a4-9522f9427856,b4af6236-368c-5f96-a685-e8faf26e5144,,Hora: 1:19 p.m.,2025-08-27
02ad6e5f-30e5-59ae-949d-5132ce44bf2e,servicio,40000,40000,0,pos,c08d0836-02a6-50bf-8cf7-06bada109a27,b4af6236-368c-5f96-a685-e8faf26e5144,,Hora: 3:08 p.m.,2025-08-27
02ad6e5f-30e5-59ae-949d-5132ce44bf2e,servicio,40000,40000,0,pos,c08d0836-02a6-50bf-8cf7-06bada109a27,b4af6236-368c-5f96-a685-e8faf26e5144,,Hora: 3:08 p.m.,2025-08-27
c9a523e1-efc7-5cbd-ae30-2640e2f3b8cb,servicio,40000,40000,0,transferencia,88dc4e4a-a126-5455-aed8-03d3cf9071c4,b4af6236-368c-5f96-a685-e8faf26e5144,,Hora: 3:49 p.m.,2025-08-27
f5ffa9cb-e63d-589b-8506-f2f5a1f9a26b,servicio,35000,35000,0,efectivo,,910784b4-4669-5b74-bbb2-997a4d659b45,,Hora: 4:49 p.m.,2025-08-27
5b716c2f-ecc8-52f8-859b-d6688ea63ac9,servicio,35000,35000,0,pos,dcbe36e6-3fca-59ee-91dd-0da2bb32d73b,910784b4-4669-5b74-bbb2-997a4d659b45,,Hora: 6:41 p.m.,2025-08-27
e2f77a5e-23b4-5224-9500-3d87c78425e7,servicio,35000,35000,-350000000000000,,941f491d-b206-5f2e-8119-7814e0037b5c,910784b4-4669-5b74-bbb2-997a4d659b45,,Hora: 2:05 p.m.,2025-08-28
89b4a2ad-9cc6-5686-998a-2e16c466442e,servicio,40000,40000,0,efectivo,2b27f2ad-6bd6-58ec-a480-7e5497a73b2f,b4af6236-368c-5f96-a685-e8faf26e5144,,Hora: 2:37 p.m.,2025-08-28
c176f112-7d25-5af7-9240-ffd201e095d5,servicio,40000,40000,0,efectivo,a6449072-017e-5644-b7bc-6e007ba5c693,b4af6236-368c-5f96-a685-e8faf26e5144,,Hora: 3:20 p.m.,2025-08-28
d7da5a29-f5b1-5366-aa33-a7e37b7800a2,servicio,60000,60000,0,efectivo,30c7648d-fe47-5dc9-850e-99fd95676198,cb0e9128-f2f4-5d0f-9d6e-8c902c59fc83,,Hora: 4:02 p.m.,2025-08-28
76f1c509-c164-5817-ac9f-267517f07254,servicio,35000,35000,0,pos,348ffd99-0647-5efe-b5aa-2a57915f28b5,910784b4-4669-5b74-bbb2-997a4d659b45,,Hora: 4:20 p.m.,2025-08-28
78a758a8-7ce7-5e98-bc38-c18c3f8678ae,servicio,40000,40000,60,efectivo,c59ce057-5901-5e84-8e02-4ab2c061b7d9,b4af6236-368c-5f96-a685-e8faf26e5144,,Hora: 5:14 p.m.,2025-08-28
099a4dde-d168-5a68-b6cc-652c34ff3cc6,servicio,25000,25000,75,efectivo,84b6ab43-c2de-5e4d-9151-b3a2552ec482,8b3eb052-313c-5bd1-a6bb-4106ed0592af,,Hora: 5:28 p.m.,2025-08-28
0cfddc63-8e7b-56de-8b75-1e6046920d2f,servicio,60000,60000,0,pos,bd452d7a-b37f-5512-8106-da3985e1cc10,cb0e9128-f2f4-5d0f-9d6e-8c902c59fc83,,Hora: 5:46 p.m.,2025-08-28
ac925e45-6bae-55e4-86f4-79523befb4b4,servicio,40000,40000,60,efectivo,3de81416-7186-5e18-89b7-fb93447f066c,b4af6236-368c-5f96-a685-e8faf26e5144,,Hora: 6:11 p.m.,2025-08-28
d1eb2050-1d4e-5205-a190-f5ee1edfc66c,servicio,40000,40000,0,pos,e84b21aa-d9ea-5701-a979-eb0d574ff9f6,b4af6236-368c-5f96-a685-e8faf26e5144,,Hora: 6:55 p.m.,2025-08-28
dc37f249-0c57-52d3-930f-197e69ea2411,servicio,35000,35000,0,efectivo,196079fa-a9e8-5581-a7c8-6d623c2a5883,910784b4-4669-5b74-bbb2-997a4d659b45,,Hora: 7:27 p.m.,2025-08-28
dc37f249-0c57-52d3-930f-197e69ea2411,servicio,35000,35000,0,efectivo,196079fa-a9e8-5581-a7c8-6d623c2a5883,910784b4-4669-5b74-bbb2-997a4d659b45,,Hora: 7:28 p.m.,2025-08-28
e7a4f8dd-c04c-5697-9807-753486c6496d,servicio,25000,25000,0,pos,45bfc586-aaee-5619-96ab-0e0e505967ed,8b3eb052-313c-5bd1-a6bb-4106ed0592af,,Hora: 7:38 p.m.,2025-08-28
ba54a8f4-5517-58e6-abcb-4a493d497dda,servicio,40000,40000,0,efectivo,d3e97fc2-52b1-59f8-a8ed-690e97c13eff,b4af6236-368c-5f96-a685-e8faf26e5144,,Hora: 12:24 p.m.,2025-08-29
a7449a82-67df-59d6-959f-252095e2b580,servicio,40000,40000,0,efectivo,8cf7412e-af38-5de5-9bda-edfc2f683cae,b4af6236-368c-5f96-a685-e8faf26e5144,,Hora: 2:37 p.m.,2025-08-29
68fed38c-d0b3-5d2c-a401-b5dbe0e46047,servicio,40000,40000,0,efectivo,24a27f4f-c87b-52f3-aa78-5172d641f8fb,b4af6236-368c-5f96-a685-e8faf26e5144,,Hora: 3:08 p.m.,2025-08-29
6c856197-da32-547d-8fa0-c41a7558bcf6,servicio,40000,40000,0,efectivo,fe7b9970-d1a4-5715-ac77-d8050c2dc8a2,b4af6236-368c-5f96-a685-e8faf26e5144,,Hora: 3:48 p.m.,2025-08-29
af11c22d-f9ea-5049-881c-1124e478d799,servicio,40000,40000,60,efectivo,00479eb0-62da-5bb5-b5e1-30c92b77196c,b4af6236-368c-5f96-a685-e8faf26e5144,,Hora: 4:11 p.m.,2025-08-29
d02661ff-3ecc-54f2-9b3f-844d57601b76,servicio,40000,40000,-400000000000000,,f64a5666-9e90-55cf-b93b-288f9c598f90,b4af6236-368c-5f96-a685-e8faf26e5144,,Hora: 4:48 p.m.,2025-08-29
eeed93ee-92a5-5b2f-914e-02bdce7ac6fa,servicio,35000,35000,0,efectivo,c4a19665-4883-56af-a39e-1620120155c7,910784b4-4669-5b74-bbb2-997a4d659b45,,Hora: 5:41 p.m.,2025-08-29
dd10b8bc-b6e6-542d-8535-c5a75c594865,servicio,35000,35000,0,pos,23fd8092-bc74-5daa-88d4-ecf83e9df9b1,910784b4-4669-5b74-bbb2-997a4d659b45,,Hora: 6:17 p.m.,2025-08-29
7f9b4efb-32b3-5a51-b46b-cf17d36b8fca,servicio,40000,40000,0,efectivo,7d738575-71a6-5a14-8bcd-c34e9c7efd53,b4af6236-368c-5f96-a685-e8faf26e5144,,Hora: 7:12 p.m.,2025-08-29
5c8289c6-155a-5314-bbca-c61ac1a20bc0,servicio,40000,40000,0,pos,660c5c1a-2b41-518f-a25a-f05ac430c68b,b4af6236-368c-5f96-a685-e8faf26e5144,,Hora: 7:38 p.m.,2025-08-29
c3889192-ca83-594d-b8a0-01f0c7015fbb,servicio,,0,0,,51c45e30-784e-589f-9c53-90463059c809,,,Hora: 7:38 p.m.,2025-08-29
fda40851-0ec2-55b0-9494-2853c8e88fdf,servicio,,0,0,,,,,Hora: 7:39 p.m.,2025-08-29
35b1db15-e10d-524b-903f-22d838c3bf6b,servicio,40000,40000,0,efectivo,,b4af6236-368c-5f96-a685-e8faf26e5144,,Hora: 11:40 a.m.,2025-08-30
12f2ea2a-0372-5fb9-b44b-033b98a357ec,servicio,35000,35000,15,efectivo,aaff3f8f-bf40-5882-a218-960142225e10,910784b4-4669-5b74-bbb2-997a4d659b45,,Hora: 11:59 a.m.,2025-08-30
b263244d-ef25-50b5-979c-a7c07b052a6f,servicio,40000,40000,0,efectivo,1aa121bd-0f5b-51a9-8a71-d9a8d4a72537,b4af6236-368c-5f96-a685-e8faf26e5144,,Hora: 12:22 p.m.,2025-08-30
0b03cbc3-75c4-5d1d-b625-eb865ff58ebb,servicio,40000,40000,0,transferencia,2bdb854e-2956-505a-b244-fa7c6b93109d,b4af6236-368c-5f96-a685-e8faf26e5144,,Hora: 12:41 p.m.,2025-08-30
d649eb17-9674-593a-b72f-e169815ce03f,servicio,40000,40000,0,efectivo,969e7760-7459-5599-ac02-b9a98c8f7495,b4af6236-368c-5f96-a685-e8faf26e5144,,Hora: 1:33 p.m.,2025-08-30
c38092b0-8518-5312-929f-354ddde184eb,servicio,60000,60000,0,pos,64170aa4-cd0b-597e-b8d4-dfc9373a0968,cb0e9128-f2f4-5d0f-9d6e-8c902c59fc83,,Hora: 3:46 p.m.,2025-08-30
e255604a-e677-5c16-93f3-f37798ab3ddb,servicio,60000,60000,0,pos,6f09f562-9730-5460-9fd3-f8bdeb976692,cb0e9128-f2f4-5d0f-9d6e-8c902c59fc83,,Hora: 4:39 p.m.,2025-08-30
4bf22592-3c65-532d-9dce-4aa2f6c7907b,servicio,35000,35000,5,efectivo,fec26659-5026-55ab-915e-a77e6f97e391,910784b4-4669-5b74-bbb2-997a4d659b45,,Hora: 5:03 p.m.,2025-08-30
cf8fbcf2-64f1-534a-a680-f947f3ed07f7,servicio,40000,40000,0,efectivo,e04bf08f-c826-5bb4-acb3-a1af4b40e94a,b4af6236-368c-5f96-a685-e8faf26e5144,,Hora: 5:36 p.m.,2025-08-30
e1935710-ba41-507e-8b18-3db9edcf8d13,servicio,40000,40000,0,efectivo,a2364d1a-a5c0-5b16-b1d2-1ed9ae6ce6a5,b4af6236-368c-5f96-a685-e8faf26e5144,,Hora: 6:48 p.m.,2025-08-30
461e0605-a302-51ee-90a1-4c5dd1f756fe,servicio,40000,40000,60,efectivo,6a4f569a-1788-52b7-802c-ae0bda7d1021,b4af6236-368c-5f96-a685-e8faf26e5144,,Hora: 7:50 p.m.,2025-08-30
8f5dd479-0c03-51da-aae5-fdd424a6d2e8,servicio,30000,30000,0,efectivo,7c0c28ce-25d2-5b38-bc35-7f938bb68d7e,4410801d-a633-524a-8dfa-0df5e44049d6,,Hora: 8:11 p.m.,2025-08-30
28717c79-c682-5192-94ae-fd9667cadbb7,apertura,,85,85,,,,,Hora: 2:11 p.m.,2025-09-02
f0102129-cc5a-56f1-b9d2-f1dfd9712600,servicio,40000,40000,0,transferencia,eddc7652-d368-5b0d-9c6d-8b0e14e7b422,b4af6236-368c-5f96-a685-e8faf26e5144,,Hora: 2:12 p.m.,2025-09-02
5190a273-e776-5039-8386-8bb695bce93e,servicio,40000,40000,0,efectivo,968ae678-e82e-5129-a0a1-efcc67a798f9,b4af6236-368c-5f96-a685-e8faf26e5144,,Hora: 3:52 p.m.,2025-09-02
7e759e61-fa41-5300-a9f9-56642f753c7a,servicio,40000,40000,0,transferencia,3dca37b7-438b-5531-9e9b-8a997c9962de,b4af6236-368c-5f96-a685-e8faf26e5144,,Hora: 3:58 p.m.,2025-09-02
4b386fed-31e9-535e-8d82-bd2e22b7876c,servicio,40000,40000,10,efectivo,460b6b03-1d9e-50a3-97f1-cfa70afdba54,b4af6236-368c-5f96-a685-e8faf26e5144,,Hora: 4:21 p.m.,2025-09-02
d56e41b7-20cf-511f-8dc8-29c8af5892c3,servicio,40000,40000,0,pos,d3a59015-23ec-528a-971b-f6a64c526e09,b4af6236-368c-5f96-a685-e8faf26e5144,,Hora: 4:52 p.m.,2025-09-02
35f72f86-9dc5-5f10-b5f0-d14368e85649,servicio,40000,40000,0,pos,1c6333b3-2df1-54e7-a6ef-fc6720a6a0ad,b4af6236-368c-5f96-a685-e8faf26e5144,,Hora: 5:24 p.m.,2025-09-02
692ad662-1426-5ab6-8a34-71f4c34a25e6,servicio,35000,35000,15,efectivo,0efdfe6d-c732-5fd9-8fe6-07adb0c7d9fb,910784b4-4669-5b74-bbb2-997a4d659b45,,Hora: 5:18 p.m.,2025-09-02
ff46bef6-695e-58ec-aa4f-c1f9a823738c,servicio,40000,40000,0,transferencia,a7f241e5-de2b-5fe2-accf-e2cb4d7c7803,b4af6236-368c-5f96-a685-e8faf26e5144,,Hora: 7:14 p.m.,2025-09-02
7b7fe256-b71a-5084-b3ef-da7ca210e26a,servicio,40000,40000,10,efectivo,c214cbfa-a45f-5ecf-9af5-bd6b0917958d,b4af6236-368c-5f96-a685-e8faf26e5144,,Hora: 8:32 p.m.,2025-09-02
36a3eba7-7cd5-589a-8f51-870a9a904e0c,servicio,40000,40000,10,efectivo,a4f0883b-bdf1-50b6-bd82-89ba4c9ed51f,b4af6236-368c-5f96-a685-e8faf26e5144,,Hora: 3:02 p.m.,2025-09-03
f5578e3a-890d-5cf6-82e2-4dea476cc45b,servicio,60000,60000,0,transferencia,67da51dc-58dd-5b3d-904b-0645b87c4666,cb0e9128-f2f4-5d0f-9d6e-8c902c59fc83,,Hora: 4:02 p.m.,2025-09-03
112cb0c0-f0c0-5cb3-b11c-2bac6327a8f7,servicio,40000,40000,10,efectivo,b5c9c2d4-0c04-5adf-9f1e-ab465c9be97d,b4af6236-368c-5f96-a685-e8faf26e5144,,Hora: 6:01 p.m.,2025-09-03
1ae273e6-0452-5801-96c6-6f7d9651c243,servicio,40000,40000,10,efectivo,cba8e0a0-9b8f-5853-9e7f-1cf4654865e1,b4af6236-368c-5f96-a685-e8faf26e5144,,Hora: 6:41 p.m.,2025-09-03
514c7486-3000-5279-a6bd-b5baf634f7d4,servicio,40000,40000,60,efectivo,2c9ee34d-fcce-5dcd-8045-b2713afc3eb0,b4af6236-368c-5f96-a685-e8faf26e5144,,Hora: 7:44 p.m.,2025-09-03
0965bd81-3e10-5fea-a766-259b59f99ca3,servicio,40000,40000,0,transferencia,a98a40c1-6743-55c7-8701-a528fb08029c,b4af6236-368c-5f96-a685-e8faf26e5144,,Hora: 8:08 p.m.,2025-09-03
78a52327-870b-5f2e-982a-62c068795cdb,servicio,40000,40000,60,efectivo,128dbcbf-c2b7-5909-b213-e352e873ccf9,b4af6236-368c-5f96-a685-e8faf26e5144,,Hora: 8:52 p.m.,2025-09-03
53329cd1-1a37-58ae-b483-e2629b832189,servicio,35000,35000,0,pos,2a9a4db2-d985-5960-b4b5-f61c72a1e38e,910784b4-4669-5b74-bbb2-997a4d659b45,,Hora: 9:21 p.m.,2025-09-03
fb7bcfed-5bdb-5463-95de-5c39828f9c51,servicio,40000,40000,60,efectivo,70b833c1-0cdc-5a11-803e-0f3bdfb1a762,b4af6236-368c-5f96-a685-e8faf26e5144,,Hora: 9:51 p.m.,2025-09-03
4359d403-c780-546d-9aac-210e07745c8f,servicio,40000,40000,0,efectivo,87af7412-d351-5cd2-8666-471564d56c8f,b4af6236-368c-5f96-a685-e8faf26e5144,,Hora: 12:10 p.m.,2025-09-04
e2ccf31b-ae81-5c11-95d9-2ee078e683f2,servicio,40000,40000,0,efectivo,0d7a5ab7-b0b3-5116-a959-8c8fa34a6ef7,b4af6236-368c-5f96-a685-e8faf26e5144,,Hora: 12:10 p.m.,2025-09-04
f589b8c3-c87e-5866-90b3-3421a23c012d,servicio,40000,40000,0,efectivo,30c7648d-fe47-5dc9-850e-99fd95676198,b4af6236-368c-5f96-a685-e8faf26e5144,,Hora: 12:11 p.m.,2025-09-04
d5fe23d0-92e0-58d8-8f07-372b27a44f1c,servicio,40000,40000,0,pos,74f032b8-7e0d-5e9e-8f93-857337374686,b4af6236-368c-5f96-a685-e8faf26e5144,,Hora: 1:01 p.m.,2025-09-04
32ca2784-360f-571d-8af1-97f0a84c2b68,servicio,40000,40000,0,transferencia,6fa3c199-cd0b-56cc-b5bc-6c35e01435a8,b4af6236-368c-5f96-a685-e8faf26e5144,,Hora: 2:55 p.m.,2025-09-04
8e87c69e-4d10-588e-9050-149ecd0ad713,servicio,35000,35000,0,transferencia,49d17812-8044-5869-9943-c5900bea4b50,910784b4-4669-5b74-bbb2-997a4d659b45,,Hora: 3:51 p.m.,2025-09-04
1e3a3c66-3088-5ee5-9cb4-402c6f9b29c5,servicio,40000,40000,0,efectivo,4314ec46-e9d6-5ef5-8221-4b7a8d78b918,b4af6236-368c-5f96-a685-e8faf26e5144,,Hora: 5:05 p.m.,2025-09-04
266a144b-9b2c-5cc5-b403-4f6bde920d3e,servicio,35000,35000,0,efectivo,777b03cb-089e-53f8-bd76-bf9bad872449,910784b4-4669-5b74-bbb2-997a4d659b45,,Hora: 5:39 p.m.,2025-09-04
4a953e5e-7f66-5367-afe0-a1f5bb8a882d,servicio,40000,40000,0,efectivo,1c428c0d-9b70-58df-ba7c-48315cca8934,b4af6236-368c-5f96-a685-e8faf26e5144,,Hora: 11:24 a.m.,2025-09-06
7db28106-3ad0-5a54-9f70-3424ecc45999,servicio,40000,40000,0,transferencia,57decaad-efc1-5deb-b437-30b3d2b0ac1e,b4af6236-368c-5f96-a685-e8faf26e5144,,Hora: 11:58 a.m.,2025-09-06
660078b8-09de-5298-adde-3aca06f11a12,servicio,35000,35000,0,efectivo,d359f56a-ab35-5f3e-8d81-ed31d62714ac,910784b4-4669-5b74-bbb2-997a4d659b45,,Hora: 12:34 p.m.,2025-09-06
b1d3d1ae-c475-5135-8f77-0a8013d4a9ea,servicio,40000,40000,0,efectivo,1aa121bd-0f5b-51a9-8a71-d9a8d4a72537,b4af6236-368c-5f96-a685-e8faf26e5144,,Hora: 1:09 p.m.,2025-09-06
20005fa2-3400-5acb-9c2d-a5d08a63d7fa,servicio,30000,30000,0,,38c8a371-39ba-5d06-a741-29cb67362839,4410801d-a633-524a-8dfa-0df5e44049d6,,Hora: 1:46 p.m.,2025-09-06
68c37076-9a7c-5057-9efd-ad2ce4f95693,servicio,60000,60000,-600000000000000,,3eb0f69b-da35-5304-bafa-1476936d5dab,cb0e9128-f2f4-5d0f-9d6e-8c902c59fc83,,Hora: 3:20 p.m.,2025-09-06
9d14b219-df0a-5a05-831c-4bf084b1856d,servicio,35000,35000,0,transferencia,613bd2be-fb02-5972-a810-c02f37ea25be,910784b4-4669-5b74-bbb2-997a4d659b45,,Hora: 4:09 p.m.,2025-09-06
ba967115-d6d5-5456-868e-f828bd952605,servicio,60000,60000,0,transferencia,578d5171-0c5f-5ee8-b8c9-2da7b9f8188e,cb0e9128-f2f4-5d0f-9d6e-8c902c59fc83,,Hora: 4:55 p.m.,2025-09-06
39c9a9f7-aa6b-51ab-878b-e21c6acc9c0c,servicio,40000,40000,0,efectivo,84b6ab43-c2de-5e4d-9151-b3a2552ec482,b4af6236-368c-5f96-a685-e8faf26e5144,,Hora: 5:02 p.m.,2025-09-06
c9ec2c8d-1409-5e4e-8181-b2c25dd749d4,servicio,40000,40000,10,efectivo,a6449072-017e-5644-b7bc-6e007ba5c693,b4af6236-368c-5f96-a685-e8faf26e5144,,Hora: 5:23 p.m.,2025-09-06
2a86446b-326f-5024-b687-428ff9a6a11a,servicio,35000,35000,0,pos,cd44ec1e-e1de-5356-9762-d45000dc0865,910784b4-4669-5b74-bbb2-997a4d659b45,,Hora: 5:41 p.m.,2025-09-06
8cc5e306-b8ea-51e8-a8d0-cffcf0424447,servicio,40000,40000,0,efectivo,f3e2771b-1178-5783-8893-1b7f97d2f4de,b4af6236-368c-5f96-a685-e8faf26e5144,,Hora: 6:23 p.m.,2025-09-06
ffa04459-edd6-5469-a0ef-2e8afcce8732,servicio,40000,40000,60,efectivo,bbedd211-1372-5d34-a3a2-868d4c3300c1,b4af6236-368c-5f96-a685-e8faf26e5144,,Hora: 6:53 p.m.,2025-09-06
4e97899d-9d31-5a6a-b9b3-41c662266e81,servicio,40000,40000,0,pos,e80afc55-2470-540a-b893-68e1bdf84bd7,b4af6236-368c-5f96-a685-e8faf26e5144,,Hora: 2:58 p.m.,2025-09-09
643e22e8-f22e-5979-9c08-87cd0ba18615,servicio,40000,40000,60,,7abc1164-c21b-57df-abff-59ad4cd7946e,b4af6236-368c-5f96-a685-e8faf26e5144,,Hora: 4:15 p.m.,2025-09-09
4f6ad7e7-fab3-5f7e-bfcf-19b27b02b328,gasto,,0,12,,,,,Jugo | Hora: 4:16 p.m. | Fuente: Caja,2025-09-09
0ae1eabc-1e24-5eed-bd23-8335f1897ac2,servicio,60000,60000,0,pos,6f09f562-9730-5460-9fd3-f8bdeb976692,cb0e9128-f2f4-5d0f-9d6e-8c902c59fc83,,Hora: 6:03 p.m.,2025-09-09
4aa76c2a-1faf-5294-b93e-888e6101e7ab,servicio,40000,40000,0,pos,f411c0f7-a50a-5359-99e1-51a2685ba716,b4af6236-368c-5f96-a685-e8faf26e5144,,Hora: 6:38 p.m.,2025-09-09
16df3759-d596-5d58-b10c-8cfeef7272a9,servicio,40000,40000,-400000000000000,,1c0ab225-e168-5bcd-b64f-2af175d703ed,b4af6236-368c-5f96-a685-e8faf26e5144,,Hora: 7:07 p.m.,2025-09-09
dac4ba1e-789e-564d-aef2-885fc7fefd27,servicio,40000,40000,0,efectivo,6a6bb1da-0c49-58f4-8170-2627215bd354,b4af6236-368c-5f96-a685-e8faf26e5144,,Hora: 2:45 p.m.,2025-09-11
20030e9f-dc4a-5154-91ac-513fa57b79a2,servicio,30000,30000,0,,059b1a52-dccf-5094-b807-2ba3e0d277ee,4410801d-a633-524a-8dfa-0df5e44049d6,,Hora: 3:10 p.m.,2025-09-11
8b8c6639-700d-553a-bc4d-fe71c1a21baf,servicio,40000,40000,0,pos,e942f390-667e-5e39-bd5c-4dd640fa4a69,b4af6236-368c-5f96-a685-e8faf26e5144,,Hora: 6:58 p.m.,2025-09-11
29ccf226-0b51-52f4-8ac1-a23ff41224a4,servicio,40000,40000,0,pos,94c9ce49-ae50-5828-b95a-e846c7147f17,b4af6236-368c-5f96-a685-e8faf26e5144,,Hora: 12:12 p.m.,2025-09-16
40bdd120-c050-56e2-acae-9af52e962937,servicio,40000,40000,10,efectivo,a4f0883b-bdf1-50b6-bd82-89ba4c9ed51f,b4af6236-368c-5f96-a685-e8faf26e5144,,Hora: 2:45 p.m.,2025-09-16
48d6dc21-aeaa-5037-bf14-e2838d6227f1,servicio,40000,40000,-100000000000000,efectivo,,b4af6236-368c-5f96-a685-e8faf26e5144,,Hora: 3:57 p.m.,2025-09-16
dc8f88fb-1b81-529d-8850-7f960924aeb7,servicio,40000,40000,10,efectivo,047a2593-af97-59f6-971b-4192c812c213,b4af6236-368c-5f96-a685-e8faf26e5144,,Hora: 3:58 p.m.,2025-09-16
af776ba5-bba7-596b-82a5-f0efaa2eee81,servicio,60000,60000,0,pos,b656444a-0309-51e4-b7af-fe1826fb86e3,cb0e9128-f2f4-5d0f-9d6e-8c902c59fc83,,Hora: 4:46 p.m.,2025-09-16
99d9a497-e2f0-52b0-b317-8ab7e2b02ab4,servicio,40000,40000,0,efectivo,ffffcac5-8ddf-56c6-9772-c8a520cc0a2f,b4af6236-368c-5f96-a685-e8faf26e5144,,Hora: 5:19 p.m.,2025-09-16
70a63b02-3738-525d-add7-34870b9572f0,servicio,40000,40000,0,pos,90fddc2d-ca82-56de-b84f-282d8385ec30,b4af6236-368c-5f96-a685-e8faf26e5144,,Hora: 5:38 p.m.,2025-09-16
ed82b09e-b5ff-5087-b461-a3423767d59b,servicio,35000,35000,15,efectivo,0f489206-25e9-53c4-8d8d-6618a7529b0d,910784b4-4669-5b74-bbb2-997a4d659b45,,Hora: 6:55 p.m.,2025-09-16
248b0257-2423-535d-8936-3fbb758015c3,servicio,40000,40000,0,pos,69608dc3-9353-5405-84bb-94f260327aab,b4af6236-368c-5f96-a685-e8faf26e5144,,Hora: 7:28 p.m.,2025-09-16
a00577ce-62a4-5cec-93ac-288d85c6f90b,servicio,40000,40000,10,efectivo,196ca724-a2f9-5a88-a29c-9b4e52af6294,b4af6236-368c-5f96-a685-e8faf26e5144,,Hora: 4:00 p.m.,2025-09-17
203f8b90-0221-52d9-9129-26ed806a0c7d,servicio,40000,40000,10,efectivo,,b4af6236-368c-5f96-a685-e8faf26e5144,,Hora: 4:46 p.m.,2025-09-17
49d36fc1-bacb-508c-b1f0-723675f2989f,servicio,60000,60000,0,efectivo,6f09f562-9730-5460-9fd3-f8bdeb976692,cb0e9128-f2f4-5d0f-9d6e-8c902c59fc83,,Hora: 5:33 p.m.,2025-09-17
2869ed92-78b2-5a54-a1fc-ecb83a200b19,servicio,60000,60000,-100000000000000,efectivo,ab05f46b-4990-5aaa-a2de-0c5efb457f96,cb0e9128-f2f4-5d0f-9d6e-8c902c59fc83,,Hora: 2:37 p.m.,2025-09-18
0bfb9172-c2e2-5b61-8770-c8bcf11955a8,servicio,40000,40000,0,efectivo,8a5e1b95-95cf-5788-8b7a-506bcd0c222b,b4af6236-368c-5f96-a685-e8faf26e5144,,Hora: 3:04 p.m.,2025-09-18
6319ad4a-d0b1-51b4-846b-168170635583,servicio,60000,60000,0,pos,d49cc65c-9e45-52a1-ad31-72a4e892a6b0,cb0e9128-f2f4-5d0f-9d6e-8c902c59fc83,,Hora: 4:55 p.m.,2025-09-18
2162f527-9adb-5104-8e88-b74dbc4dcf45,servicio,40000,40000,10,efectivo,a6449072-017e-5644-b7bc-6e007ba5c693,b4af6236-368c-5f96-a685-e8faf26e5144,,Hora: 5:35 p.m.,2025-09-18
898bcb05-3fa2-5f2d-98c6-558270c9940c,servicio,40000,40000,-300000000000000,efectivo,b6cce823-1afe-53c1-a2ea-32b58c11153c,b4af6236-368c-5f96-a685-e8faf26e5144,,Hora: 6:16 p.m.,2025-09-18
18a581ae-235a-59bb-9f04-6b4384b57e31,servicio,40000,40000,0,transferencia,4ab90db3-079f-51d0-ae8a-621881b76f00,b4af6236-368c-5f96-a685-e8faf26e5144,,Hora: 6:44 p.m.,2025-09-18
3d0f80f7-b49b-5c12-90f5-35c58791139a,servicio,35000,35000,0,efectivo,bc8b06e6-9781-57f7-9e80-e6b85d709955,910784b4-4669-5b74-bbb2-997a4d659b45,,Hora: 7:44 p.m.,2025-09-18
32ee23ba-4d48-570e-8a3e-24cad5440c34,servicio,40000,40000,0,efectivo,bc8b06e6-9781-57f7-9e80-e6b85d709955,b4af6236-368c-5f96-a685-e8faf26e5144,,Hora: 7:45 p.m.,2025-09-18
f4e63c32-e3d3-5097-80cc-46a7c452f06b,servicio,40000,40000,0,efectivo,46907921-de73-5aa6-9ea4-eb7fac9f9198,b4af6236-368c-5f96-a685-e8faf26e5144,,Hora: 2:24 p.m.,2025-09-19
2f3f2be2-5318-5ae9-b439-c266abaaf317,servicio,40000,40000,0,efectivo,1d7f311f-3ea3-5e2e-b935-d76470928e4d,b4af6236-368c-5f96-a685-e8faf26e5144,,Hora: 2:24 p.m.,2025-09-19
c814c470-1b53-5136-baae-b690a0d9fb32,servicio,60000,60000,0,pos,bd452d7a-b37f-5512-8106-da3985e1cc10,cb0e9128-f2f4-5d0f-9d6e-8c902c59fc83,,Hora: 2:35 p.m.,2025-09-19
42afd07c-f542-590d-82ed-e32abbc2fb46,servicio,40000,40000,0,efectivo,f28a29b1-2b3b-5161-856e-defd7e1716c3,b4af6236-368c-5f96-a685-e8faf26e5144,,Hora: 3:13 p.m.,2025-09-19
da18023d-104c-59ba-b150-56daf5cc519d,servicio,40000,40000,0,efectivo,39e7924b-4afd-5503-ba46-3e78f335b669,b4af6236-368c-5f96-a685-e8faf26e5144,,Hora: 4:45 p.m.,2025-09-19
cacc9b3d-19b5-59e3-ab0e-5922f413d14b,servicio,40000,40000,10,efectivo,356d0f50-aa3c-5705-b0c3-6fcb19e9e3de,b4af6236-368c-5f96-a685-e8faf26e5144,,Hora: 5:52 p.m.,2025-09-19
eea99c1c-6430-542d-ac1f-4ed66187f1cb,servicio,40000,40000,60,efectivo,92d6be5e-6f65-5752-894d-c7176e8ca239,b4af6236-368c-5f96-a685-e8faf26e5144,,Hora: 6:32 p.m.,2025-09-19
f683245b-c660-5bdd-9524-1793f37718c9,servicio,40000,40000,10,efectivo,3a8b1ffd-abbb-51f2-a75f-683d0f1ea494,b4af6236-368c-5f96-a685-e8faf26e5144,,Hora: 10:58 a.m.,2025-09-20
3e1c893b-b592-5db3-a68e-4ced2eac5b24,servicio,35000,35000,0,transferencia,c51ab8b9-3873-55e8-b32c-af3076e6371f,910784b4-4669-5b74-bbb2-997a4d659b45,,Hora: 11:21 a.m.,2025-09-20
4ebcd000-55ad-51f6-bd73-35addcd1746d,servicio,40000,40000,0,efectivo,1aa121bd-0f5b-51a9-8a71-d9a8d4a72537,b4af6236-368c-5f96-a685-e8faf26e5144,,Hora: 11:58 a.m.,2025-09-20
9b9c1cd2-de15-5d43-ab88-61a6900586cf,servicio,40000,40000,10,efectivo,d3e97fc2-52b1-59f8-a8ed-690e97c13eff,b4af6236-368c-5f96-a685-e8faf26e5144,,Hora: 12:55 p.m.,2025-09-20
f832cc1e-ee1c-5b60-9902-0149e0004b65,servicio,40000,40000,0,pos,e80afc55-2470-540a-b893-68e1bdf84bd7,b4af6236-368c-5f96-a685-e8faf26e5144,,Hora: 1:24 p.m.,2025-09-20
b4578a6d-b19a-505f-ae30-d5ac5f4020a9,servicio,40000,40000,0,transferencia,57decaad-efc1-5deb-b437-30b3d2b0ac1e,b4af6236-368c-5f96-a685-e8faf26e5144,,Hora: 1:51 p.m.,2025-09-20
fe54eb2d-94b2-50f1-9023-cc4b21286919,servicio,40000,40000,0,transferencia,1c428c0d-9b70-58df-ba7c-48315cca8934,b4af6236-368c-5f96-a685-e8faf26e5144,,Hora: 2:59 p.m.,2025-09-20
ddd86f30-874a-51a9-977c-bbedc9a02ca0,servicio,35000,35000,65,,a4ae15fd-aea8-51e8-9212-ed67e6bf9c19,910784b4-4669-5b74-bbb2-997a4d659b45,,Hora: 3:21 p.m.,2025-09-20
c9d6b0ab-1eeb-510a-8934-462a0968f25c,servicio,40000,40000,10,efectivo,d25755e6-730c-59b4-b622-81ba58943424,b4af6236-368c-5f96-a685-e8faf26e5144,,Hora: 3:50 p.m.,2025-09-20
ec15d93e-e43a-5a87-94b6-1281a0ec7112,servicio,40000,40000,0,pos,1e7544bf-4b7a-5f95-80b4-a72faf7b87f9,b4af6236-368c-5f96-a685-e8faf26e5144,,Hora: 4:13 p.m.,2025-09-20
dbe360e7-411e-52b8-bbab-da23e8fa90fc,servicio,40000,40000,10,efectivo,7d738575-71a6-5a14-8bcd-c34e9c7efd53,b4af6236-368c-5f96-a685-e8faf26e5144,,Hora: 4:41 p.m.,2025-09-20
5c94dcff-f9a7-5722-bd11-46111e09f22a,servicio,40000,40000,0,transferencia,88dc4e4a-a126-5455-aed8-03d3cf9071c4,b4af6236-368c-5f96-a685-e8faf26e5144,,Hora: 5:56 p.m.,2025-09-20
4053d067-90d2-56c4-8c7c-ddb21def18ff,servicio,40000,40000,0,transferencia,531c86bb-694c-5deb-8a51-75fa05b96acd,b4af6236-368c-5f96-a685-e8faf26e5144,,Hora: 5:58 p.m.,2025-09-20
8fb3c814-ef09-5624-8683-eb08b99addd9,servicio,40000,40000,60,efectivo,1c6333b3-2df1-54e7-a6ef-fc6720a6a0ad,b4af6236-368c-5f96-a685-e8faf26e5144,,Hora: 6:26 p.m.,2025-09-20
ccce98ec-74b2-5153-96a6-fc9fcb986391,servicio,40000,40000,0,pos,ccb6c251-539f-58cb-a1da-eed209720136,b4af6236-368c-5f96-a685-e8faf26e5144,,Hora: 6:52 p.m.,2025-09-20
1408c381-ae2d-5938-831d-16f9d32b2d4c,servicio,35000,35000,0,pos,1bc201d7-c5cb-52c1-b4b1-ea5429d68b1f,910784b4-4669-5b74-bbb2-997a4d659b45,,Hora: 7:14 p.m.,2025-09-20
6bc6fb2c-0823-5192-9403-6fc608d084b1,servicio,60000,60000,0,pos,64170aa4-cd0b-597e-b8d4-dfc9373a0968,cb0e9128-f2f4-5d0f-9d6e-8c902c59fc83,,Hora: 7:45 p.m.,2025-09-20
e53ac672-8caf-5571-9767-647d5d562e15,servicio,40000,40000,0,transferencia,a85cf9c9-7184-5b01-92cb-087851d67525,b4af6236-368c-5f96-a685-e8faf26e5144,,Hora: 8:22 p.m.,2025-09-20
32ed3815-6b85-5f47-98d9-be854489c5dd,servicio,40000,40000,0,efectivo,d3a59015-23ec-528a-971b-f6a64c526e09,b4af6236-368c-5f96-a685-e8faf26e5144,,Hora: 8:39 p.m.,2025-09-20
b2d70864-199e-55b6-8647-86494cedadd4,servicio,40000,40000,0,efectivo,e501d4d6-c23e-5386-ba01-8bcd2b95e453,b4af6236-368c-5f96-a685-e8faf26e5144,,Hora: 3:12 p.m.,2025-09-23
d50913f9-a861-5798-8a55-43e47c63fac2,servicio,30000,30000,0,transferencia,b7f70e40-f9fb-5c7a-8835-da371a9a02f5,4410801d-a633-524a-8dfa-0df5e44049d6,,Hora: 3:13 p.m.,2025-09-23
c4365cf2-719b-5c92-8957-cbdf2328fa4c,servicio,35000,35000,0,transferencia,23fd8092-bc74-5daa-88d4-ecf83e9df9b1,910784b4-4669-5b74-bbb2-997a4d659b45,,Hora: 3:35 p.m.,2025-09-23
17b9d538-98f3-5523-88c2-d1efb418fca6,servicio,40000,40000,60,efectivo,460b6b03-1d9e-50a3-97f1-cfa70afdba54,b4af6236-368c-5f96-a685-e8faf26e5144,,Hora: 4:17 p.m.,2025-09-23
37972b46-5d99-586c-84b6-2be59d4e5436,servicio,40000,40000,0,efectivo,620a38a4-4473-5bb5-b601-66ffc4f257a9,b4af6236-368c-5f96-a685-e8faf26e5144,,Hora: 5:00 p.m.,2025-09-23
f0c04bd6-0feb-5f5a-ac83-4f33e8099652,servicio,40000,40000,0,efectivo,6f3f4570-8b9f-5c98-a382-d5031cacaa5d,b4af6236-368c-5f96-a685-e8faf26e5144,,Hora: 5:24 p.m.,2025-09-23
55d1dacf-392d-53eb-850b-0e5550997945,servicio,40000,40000,0,efectivo,393dc387-ba8e-56ae-8b1f-1459090d41c4,b4af6236-368c-5f96-a685-e8faf26e5144,,Hora: 6:07 p.m.,2025-09-23
4c7f2e7a-2938-5823-b701-b7cf1fee96f6,servicio,40000,40000,60,efectivo,04b483ad-82eb-5730-884b-45651330bd1c,b4af6236-368c-5f96-a685-e8faf26e5144,,Hora: 6:38 p.m.,2025-09-23
239f21a0-44b7-5a19-81ae-1655eb1dd52f,servicio,35000,35000,65,efectivo,0a891760-140d-52b8-87d3-b230cf18c725,910784b4-4669-5b74-bbb2-997a4d659b45,,Hora: 6:58 p.m.,2025-09-23
4481c623-1a36-59fe-ae40-f9b65cd56ad7,servicio,40000,40000,-400000000000000,,f64a5666-9e90-55cf-b93b-288f9c598f90,b4af6236-368c-5f96-a685-e8faf26e5144,,Falta pagar | Hora: 2:50 p.m.,2025-09-26
e939b402-4dd9-537b-916b-20ec4c165571,servicio,40000,40000,60,efectivo,6a6bb1da-0c49-58f4-8170-2627215bd354,b4af6236-368c-5f96-a685-e8faf26e5144,,Hora: 3:10 p.m.,2025-09-26
c9b02c9c-5e20-5e51-98ad-0635f4e58552,servicio,40000,40000,0,efectivo,371469bc-01e8-5c23-bffe-df64af046d2a,b4af6236-368c-5f96-a685-e8faf26e5144,,Hora: 4:28 p.m.,2025-09-26
9e51e578-508d-54a8-bc2c-5d838c5bbc2d,servicio,35000,35000,0,transferencia,b2a24650-1f63-5d6c-956c-a963d1482d80,910784b4-4669-5b74-bbb2-997a4d659b45,,Dio 5mil en efectivo | Hora: 4:49 p.m.,2025-09-26
406452ec-f612-5174-b2e2-33d19d80438b,servicio,35000,35000,0,efectivo,8c8aef97-fa66-53c9-82e8-31635fa9cfcf,910784b4-4669-5b74-bbb2-997a4d659b45,,Hora: 5:13 p.m.,2025-09-26
83ce15ea-55ed-5d1d-8c6d-269d15d7446f,servicio,35000,35000,0,pos,d359f56a-ab35-5f3e-8d81-ed31d62714ac,910784b4-4669-5b74-bbb2-997a4d659b45,,Hora: 5:59 p.m.,2025-09-26
6da0f099-e5a8-596c-80a4-f6b120a5b576,servicio,40000,40000,10,efectivo,92d9e326-8514-524d-921f-c8ab02c6b147,b4af6236-368c-5f96-a685-e8faf26e5144,,Hora: 6:35 p.m.,2025-09-26
ff2054c5-2da5-5538-838f-5b49e87cb801,servicio,35000,35000,5,efectivo,6206d02b-206c-52d6-b01e-626dd3ed387a,910784b4-4669-5b74-bbb2-997a4d659b45,,Hora: 2:47 p.m.,2025-09-27
03dec4dc-8cdc-56c3-9ab9-701c5a081255,servicio,40000,40000,0,pos,d3a59015-23ec-528a-971b-f6a64c526e09,b4af6236-368c-5f96-a685-e8faf26e5144,,Hora: 3:13 p.m.,2025-09-27
acb9d463-eff6-5d16-9f95-7a87902bd707,servicio,40000,40000,0,efectivo,a008dff8-b630-57ca-b3bf-d2ac97e3b2eb,b4af6236-368c-5f96-a685-e8faf26e5144,,Hora: 4:46 p.m.,2025-09-27
2e95a461-3f8d-5d17-b843-ddc6157b2b76,servicio,35000,35000,5,efectivo,dd7b256d-574c-5450-bd80-e7fd88de7208,910784b4-4669-5b74-bbb2-997a4d659b45,,Hora: 5:15 p.m.,2025-09-27
fdb54225-54c5-5cf6-84bf-4df3dc5d6b16,servicio,40000,40000,10,efectivo,e8fb36f4-e806-5e78-b568-3409ee325e7e,b4af6236-368c-5f96-a685-e8faf26e5144,,Hora: 5:47 p.m.,2025-09-27
e4591ba7-c411-55bd-b610-0dc1a75ed939,servicio,40000,40000,0,efectivo,1aea6816-8b15-5a02-af46-fed26a106d66,b4af6236-368c-5f96-a685-e8faf26e5144,,Hora: 7:02 p.m.,2025-09-27
f9df8921-04d8-5382-b696-a06adebd92a6,servicio,40000,40000,10,efectivo,c2353623-dcfc-5dcf-b7e4-1148c9af1992,b4af6236-368c-5f96-a685-e8faf26e5144,,Hora: 7:42 p.m.,2025-09-27
8445dd3e-b801-58e0-ac98-de5603bcb5dc,servicio,60000,60000,0,pos,bd452d7a-b37f-5512-8106-da3985e1cc10,cb0e9128-f2f4-5d0f-9d6e-8c902c59fc83,,Hora: 3:31 p.m.,2025-09-30
887aa407-d0ec-542e-8ecc-34dac1d7dbd5,servicio,40000,40000,0,transferencia,a4f0883b-bdf1-50b6-bd82-89ba4c9ed51f,b4af6236-368c-5f96-a685-e8faf26e5144,,Hora: 3:31 p.m.,2025-09-30
ebb074a0-a517-5451-ae48-871158e175fe,servicio,40000,40000,0,transferencia,af8aad18-6d3f-5717-97a3-ac0a05555b08,b4af6236-368c-5f96-a685-e8faf26e5144,,Hora: 4:28 p.m.,2025-09-30
7b097823-cf75-580b-8759-dc7f16b66c57,servicio,40000,40000,0,efectivo,1c428c0d-9b70-58df-ba7c-48315cca8934,b4af6236-368c-5f96-a685-e8faf26e5144,,Hora: 4:28 p.m.,2025-09-30
4075f24f-b713-57da-a15c-ec8687d1e57c,servicio,40000,40000,0,pos,c025cf64-bb42-5f7c-8744-9b8dad28391a,b4af6236-368c-5f96-a685-e8faf26e5144,,Hora: 5:14 p.m.,2025-09-30
718e7142-24dc-58d2-a5a4-45ead86b3cd3,servicio,40000,40000,60,efectivo,ba0df389-3983-539d-b87f-262f7ec79dba,b4af6236-368c-5f96-a685-e8faf26e5144,,Hora: 7:06 p.m.,2025-09-30
c66ebc9a-ad6e-54f3-89ea-c19b1833734e,servicio,30000,30000,20,efectivo,a934f617-401e-596f-bd16-d23f9f265c02,4410801d-a633-524a-8dfa-0df5e44049d6,,Hora: 7:20 p.m.,2025-09-30
759b9bee-7f90-54a2-9b48-f68d26874f49,servicio,40000,40000,0,transferencia,d27d4b42-0c7f-5823-abd7-e6af4df42ea2,b4af6236-368c-5f96-a685-e8faf26e5144,,Hora: 11:36 a.m.,2025-10-02
05b7923f-2547-5b36-b165-f145f125cf74,servicio,40000,40000,0,transferencia,e83ae873-a67c-5fcb-a007-6fe26e61f6d9,b4af6236-368c-5f96-a685-e8faf26e5144,,Hora: 12:16 p.m.,2025-10-01
69463662-010d-5cf9-9be6-517662034f5b,servicio,40000,40000,10,efectivo,d401ba6b-58d2-5444-97cf-30fd89d79e6b,b4af6236-368c-5f96-a685-e8faf26e5144,,Hora: 12:16 p.m.,2025-10-01
686e797f-f14e-5485-bdbd-3fff6468e750,servicio,40000,40000,10,efectivo,35064fad-9ff3-50cb-8f11-8a31ffd0d0b3,b4af6236-368c-5f96-a685-e8faf26e5144,,Hora: 12:18 p.m.,2025-10-01
a46e6087-a01b-5733-bc3f-28da041db65e,servicio,40000,40000,0,efectivo,eddc7652-d368-5b0d-9c6d-8b0e14e7b422,b4af6236-368c-5f96-a685-e8faf26e5144,,Hora: 12:19 p.m.,2025-10-01
80dfdd65-fbeb-528e-805b-652556fed61a,servicio,40000,40000,0,pos,a7f241e5-de2b-5fe2-accf-e2cb4d7c7803,b4af6236-368c-5f96-a685-e8faf26e5144,,Hora: 12:21 p.m.,2025-10-01
33b0fad5-ba90-585d-9dbb-2029d76c9e79,servicio,40000,40000,10,efectivo,dcbe36e6-3fca-59ee-91dd-0da2bb32d73b,b4af6236-368c-5f96-a685-e8faf26e5144,,Hora: 12:22 p.m.,2025-10-01
036fcdb6-a3cb-522b-a92f-c78065ef2ae6,servicio,35000,35000,0,pos,641a69c0-cc49-5fdc-bd49-fdc3c63d5c42,910784b4-4669-5b74-bbb2-997a4d659b45,,Hora: 4:47 p.m.,2025-10-02
d943c8b5-2ea0-5069-b492-880b40a33b42,servicio,40000,40000,10,efectivo,2c9ee34d-fcce-5dcd-8045-b2713afc3eb0,b4af6236-368c-5f96-a685-e8faf26e5144,,Hora: 6:23 p.m.,2025-10-02
969ddadc-0a98-5bef-9641-11f06e6a8d3f,servicio,40000,40000,0,pos,3eb0f69b-da35-5304-bafa-1476936d5dab,b4af6236-368c-5f96-a685-e8faf26e5144,,Hora: 6:45 p.m.,2025-10-02
0080b1c7-4d29-5b29-85c0-995a11467a2a,servicio,40000,40000,10,efectivo,30c169c2-1fc4-55ff-a183-ca637b565e0b,b4af6236-368c-5f96-a685-e8faf26e5144,,Hora: 12:46 p.m.,2025-10-01
96c5bb71-b0f2-51d6-b189-4e0ccd5488e2,servicio,30000,30000,0,efectivo,196079fa-a9e8-5581-a7c8-6d623c2a5883,4410801d-a633-524a-8dfa-0df5e44049d6,,Hora: 7:54 p.m.,2025-10-02
96c5bb71-b0f2-51d6-b189-4e0ccd5488e2,servicio,30000,30000,0,,196079fa-a9e8-5581-a7c8-6d623c2a5883,4410801d-a633-524a-8dfa-0df5e44049d6,,Hora: 7:55 p.m.,2025-10-02
78fa0360-00a7-579a-85e9-97fcd5fc8aad,servicio,35000,35000,0,efectivo,196079fa-a9e8-5581-a7c8-6d623c2a5883,910784b4-4669-5b74-bbb2-997a4d659b45,,Hora: 7:55 p.m.,2025-10-02
ba8dc7be-dfdd-51fa-9d5c-3454e1f76e82,servicio,35000,35000,0,transferencia,2a0cbfe6-9cf1-59c0-b02c-ca60c8113740,910784b4-4669-5b74-bbb2-997a4d659b45,,Hora: 2:59 p.m.,2025-10-03
2058f62f-3b39-5166-8a8f-981ff6584429,servicio,40000,40000,0,efectivo,6a6bb1da-0c49-58f4-8170-2627215bd354,b4af6236-368c-5f96-a685-e8faf26e5144,,Hora: 3:00 p.m.,2025-10-03
adc6e3ef-9d4e-5143-ac6d-4d09aa1d28a7,servicio,35000,35000,0,pos,6bad72da-586b-5e6a-a3ef-29ca64186585,910784b4-4669-5b74-bbb2-997a4d659b45,,Hora: 4:41 p.m.,2025-10-03
6b78c40c-b7a0-57ce-85a2-722cf3dd90ab,servicio,40000,40000,0,pos,2a410002-7521-5cf3-9f2c-ae35e0a8eea4,b4af6236-368c-5f96-a685-e8faf26e5144,,Hora: 4:42 p.m.,2025-10-03
58026f91-9830-51a0-8580-d663327a4f4c,servicio,40000,40000,10,efectivo,91bfcc1d-1e51-5b9f-b1f5-9ad2b6e5f6cf,b4af6236-368c-5f96-a685-e8faf26e5144,,Hora: 5:06 p.m.,2025-10-03
b2cf72eb-1bdd-5db5-bff3-8ccde5f401d7,servicio,25000,25000,0,,5edf221f-dc38-5a4f-8ff4-0b0e94b90d62,8b3eb052-313c-5bd1-a6bb-4106ed0592af,,Hora: 3:04 p.m.,2025-10-06
b2cf72eb-1bdd-5db5-bff3-8ccde5f401d7,servicio,25000,25000,0,efectivo,5edf221f-dc38-5a4f-8ff4-0b0e94b90d62,8b3eb052-313c-5bd1-a6bb-4106ed0592af,,Hora: 3:10 p.m.,2025-10-06
d513b94e-bf95-57bf-ad4d-7dd7628778b5,servicio,40000,40000,0,pos,6f3f4570-8b9f-5c98-a382-d5031cacaa5d,b4af6236-368c-5f96-a685-e8faf26e5144,,Hora: 3:42 p.m.,2025-10-06
ac15e75e-ba68-5d51-82e3-102515132947,servicio,40000,40000,0,efectivo,24a27f4f-c87b-52f3-aa78-5172d641f8fb,b4af6236-368c-5f96-a685-e8faf26e5144,,Hora: 4:12 p.m.,2025-10-06
ef096fe9-a596-5c4a-8c25-f89a34755a29,servicio,40000,40000,0,efectivo,fe7b9970-d1a4-5715-ac77-d8050c2dc8a2,b4af6236-368c-5f96-a685-e8faf26e5144,,Hora: 4:13 p.m.,2025-10-06
ff0fab17-80fd-504d-87a6-3da3206fb443,servicio,40000,40000,0,efectivo,97bdf6c8-a605-52d5-8b7f-7b9717e8e610,b4af6236-368c-5f96-a685-e8faf26e5144,,Hora: 6:07 p.m.,2025-10-06
dd6380e9-6f46-5545-9dae-1322b8206a8d,servicio,40000,40000,0,pos,9386229c-a625-5ce5-a130-fe55d170b9f7,b4af6236-368c-5f96-a685-e8faf26e5144,,Hora: 6:37 p.m.,2025-10-06
08b7350b-59c0-5ad0-976a-60c576fd0432,servicio,30000,30000,0,transferencia,4ab90db3-079f-51d0-ae8a-621881b76f00,4410801d-a633-524a-8dfa-0df5e44049d6,,Hora: 11:46 a.m.,2025-10-07
853ee0f7-8dd2-5ec5-838c-c03e1d2cc5a7,servicio,40000,40000,0,transferencia,e39d7b3d-4049-5a96-9db9-6c4a1ed86d32,b4af6236-368c-5f96-a685-e8faf26e5144,,Hora: 12:53 p.m.,2025-10-07
0c5cfd48-283a-5b9a-a1e1-0861a2ee1595,servicio,40000,40000,0,transferencia,e987869c-d350-5cb5-b3a4-cb56170451a5,b4af6236-368c-5f96-a685-e8faf26e5144,,Hora: 5:13 p.m.,2025-10-07
0c5cfd48-283a-5b9a-a1e1-0861a2ee1595,servicio,40000,40000,0,efectivo,e987869c-d350-5cb5-b3a4-cb56170451a5,b4af6236-368c-5f96-a685-e8faf26e5144,,Hora: 5:14 p.m.,2025-10-07
838b482f-8252-5721-925d-2c70b6029e17,servicio,40000,40000,10,efectivo,36a0129b-54b5-560b-8ae7-fdac9c67ddf0,b4af6236-368c-5f96-a685-e8faf26e5144,,Hora: 2:58 p.m.,2025-10-09
61b7571c-3b1e-5a55-bbec-83b6cf172ae0,servicio,40000,40000,0,efectivo,969e7760-7459-5599-ac02-b9a98c8f7495,b4af6236-368c-5f96-a685-e8faf26e5144,,Hora: 2:44 p.m.,2025-10-10
6ef44541-3907-5cc5-942d-791ab228e4f6,servicio,40000,40000,0,efectivo,6a6bb1da-0c49-58f4-8170-2627215bd354,b4af6236-368c-5f96-a685-e8faf26e5144,,Hora: 3:11 p.m.,2025-10-10
132a055a-6b7a-5f3b-aa85-3ad58cdfd5e8,servicio,40000,40000,10,efectivo,2824e43d-c22a-595a-9b70-24c9f2cb738d,b4af6236-368c-5f96-a685-e8faf26e5144,,Hora: 3:42 p.m.,2025-10-10
f1d44bb1-ace3-589d-817f-cf334910839b,servicio,40000,40000,0,transferencia,047a2593-af97-59f6-971b-4192c812c213,b4af6236-368c-5f96-a685-e8faf26e5144,,Hora: 4:20 p.m.,2025-10-10
72665ace-f87e-5260-a35a-aa57c5b40c96,servicio,40000,40000,0,efectivo,e501d4d6-c23e-5386-ba01-8bcd2b95e453,b4af6236-368c-5f96-a685-e8faf26e5144,,Hora: 4:51 p.m.,2025-10-10
661c4103-1a01-5a36-8a61-688ee763e642,servicio,40000,40000,60,efectivo,c66a3734-7354-58da-80c0-82ad8bea7ff3,b4af6236-368c-5f96-a685-e8faf26e5144,,Hora: 5:38 p.m.,2025-10-10
c32c60f8-8c24-5954-be51-bee7cb476d25,servicio,40000,40000,60,efectivo,8cf7412e-af38-5de5-9bda-edfc2f683cae,b4af6236-368c-5f96-a685-e8faf26e5144,,Hora: 6:02 p.m.,2025-10-10
3d757cc3-912c-5bba-8ec5-d44c2a0fcdfc,servicio,60000,60000,0,transferencia,9509e2b8-aa8d-54ca-b4cd-1eb2a1c04476,cb0e9128-f2f4-5d0f-9d6e-8c902c59fc83,,Hora: 10:32 p.m.,2025-10-10
24f22771-a681-55ec-9975-516438bb8fff,servicio,30000,30000,-50000000000000,transferencia,5b95aa48-1302-5014-b86f-ff8707c7da2a,4410801d-a633-524a-8dfa-0df5e44049d6,,Hora: 10:33 p.m.,2025-10-10
f5174e72-b671-5c7e-a9cd-e75ea1153e42,servicio,60000,60000,40,efectivo,30c7648d-fe47-5dc9-850e-99fd95676198,cb0e9128-f2f4-5d0f-9d6e-8c902c59fc83,,Hora: 10:54 a.m.,2025-10-11
f363fde0-5ef9-56b0-a726-31be6ba73e78,servicio,35000,35000,0,pos,cd44ec1e-e1de-5356-9762-d45000dc0865,910784b4-4669-5b74-bbb2-997a4d659b45,,Hora: 11:18 a.m.,2025-10-11
5e0791b5-f03a-5686-982d-435aaa22298b,servicio,40000,40000,-50000000000000,efectivo,d3e97fc2-52b1-59f8-a8ed-690e97c13eff,b4af6236-368c-5f96-a685-e8faf26e5144,,Hora: 3:25 p.m.,2025-10-14
22c2710d-eb08-52c1-a697-3bf1b2423c14,servicio,40000,40000,60,efectivo,16ed7fb5-3a3b-5137-88b9-ad619e0c24a4,b4af6236-368c-5f96-a685-e8faf26e5144,,Hora: 3:25 p.m.,2025-10-14
dedc3217-9ae6-5aff-b930-a4f97109c309,servicio,40000,40000,10,efectivo,0dc700c8-a921-588c-beb7-03a2587d8635,b4af6236-368c-5f96-a685-e8faf26e5144,,Hora: 3:26 p.m.,2025-10-14
03e9370c-32a3-52a8-b730-4a326aaa6d82,servicio,40000,40000,10,efectivo,196ca724-a2f9-5a88-a29c-9b4e52af6294,b4af6236-368c-5f96-a685-e8faf26e5144,,Hora: 10:38 a.m.,2025-10-14
eb9d3b41-85b8-5cd4-ba3b-d00c225cf6e7,servicio,40000,40000,0,efectivo,aa5e942c-fe5f-5a9b-a944-dc92d86ba1f1,b4af6236-368c-5f96-a685-e8faf26e5144,,Hora: 10:38 a.m.,2025-10-14
6e92e7c1-4098-5ab5-8c7a-a2f3e2d6ac16,servicio,40000,40000,0,efectivo,39e7924b-4afd-5503-ba46-3e78f335b669,b4af6236-368c-5f96-a685-e8faf26e5144,,Hora: 10:39 a.m.,2025-10-14
2e514602-e4e5-5dd6-82fb-63d6532d6a61,servicio,40000,40000,0,efectivo,a4f0883b-bdf1-50b6-bd82-89ba4c9ed51f,b4af6236-368c-5f96-a685-e8faf26e5144,,Hora: 3:10 p.m.,2025-10-15
3579d06b-f148-5d03-b6ea-590ca8ace415,servicio,40000,40000,60,efectivo,a2f9b728-c687-5305-8502-3501ea696520,b4af6236-368c-5f96-a685-e8faf26e5144,,Hora: 3:46 p.m.,2025-10-15
715662f6-3c8c-54f5-a6e5-e0cfc58e08f1,servicio,60000,60000,-600000000000000,transferencia,9509e2b8-aa8d-54ca-b4cd-1eb2a1c04476,cb0e9128-f2f4-5d0f-9d6e-8c902c59fc83,,Hora: 3:33 p.m.,2025-10-23
44ae6f3e-a02f-5c42-aaa1-23349290846d,servicio,40000,40000,0,efectivo,c025cf64-bb42-5f7c-8744-9b8dad28391a,b4af6236-368c-5f96-a685-e8faf26e5144,,Hora: 6:33 p.m.,2025-10-24
0d17c481-3a1a-502a-805c-661c1627734c,servicio,40000,40000,0,transferencia,c4a19665-4883-56af-a39e-1620120155c7,b4af6236-368c-5f96-a685-e8faf26e5144,,Hora: 6:33 p.m.,2025-10-24
e3e0c365-1d0f-5782-93f8-85fbedc8aa28,servicio,35000,35000,0,efectivo,5a4835af-29a0-5b2b-bc55-151527283dac,910784b4-4669-5b74-bbb2-997a4d659b45,,Hora: 6:34 p.m.,2025-10-24
f4c9d633-5b18-5257-af04-9ebdce829ab4,servicio,40000,40000,60,efectivo,4fbac166-c692-5077-859f-99e9fd498c59,b4af6236-368c-5f96-a685-e8faf26e5144,,Hora: 8:26 p.m.,2025-10-24
352c4b89-decd-5d0a-aeb6-b5019349d8f1,servicio,40000,40000,0,efectivo,f2bbde31-5c77-56fb-acea-b4bb7c056fc3,b4af6236-368c-5f96-a685-e8faf26e5144,,Hora: 2:59 p.m.,2025-10-25
5a43d022-3bc0-5065-b96c-a5f0d8f32e5e,servicio,40000,40000,0,pos,0d322956-a110-56cf-a14f-62e6888b5930,b4af6236-368c-5f96-a685-e8faf26e5144,,Hora: 3:23 p.m.,2025-10-25
273bc03d-ebd5-5bf5-9078-e4a6d3b6604b,servicio,40000,40000,0,pos,74377dcb-e475-5d86-b59a-0cf6f0777617,b4af6236-368c-5f96-a685-e8faf26e5144,,Hora: 4:04 p.m.,2025-10-25
b79e8fe8-91a1-515a-ad26-c9b311ec4d3e,servicio,40000,40000,0,efectivo,f28a29b1-2b3b-5161-856e-defd7e1716c3,b4af6236-368c-5f96-a685-e8faf26e5144,,Hora: 3:37 p.m.,2025-10-27
32793843-c9d0-5776-83ac-7e2ae213d0c5,servicio,60000,60000,0,efectivo,81901e2b-eae6-51da-a39b-19dfe4546fbb,cb0e9128-f2f4-5d0f-9d6e-8c902c59fc83,,Hora: 4:41 p.m.,2025-10-27
311d8be3-05f4-5ff4-bb74-afe5086e7d6c,servicio,40000,40000,60,efectivo,3146a403-891d-5ec7-83e7-e7f2a3b29532,b4af6236-368c-5f96-a685-e8faf26e5144,,Hora: 5:42 p.m.,2025-10-27
26d6503e-3be4-5fb8-9156-c38510c1841c,servicio,40000,40000,-400000000000000,efectivo,a4f0883b-bdf1-50b6-bd82-89ba4c9ed51f,b4af6236-368c-5f96-a685-e8faf26e5144,,Hora: 11:39 a.m.,2025-11-04
5d2cabea-2cbd-53f5-9c27-7bb1ec43a62b,servicio,40000,40000,0,efectivo,ccb6c251-539f-58cb-a1da-eed209720136,b4af6236-368c-5f96-a685-e8faf26e5144,,Hora: 11:40 a.m.,2025-11-04
35a8e282-0dd1-5e48-88e8-41ac1adf22d6,servicio,40000,40000,0,transferencia,c08d0836-02a6-50bf-8cf7-06bada109a27,b4af6236-368c-5f96-a685-e8faf26e5144,,Hora: 3:40 p.m.,2025-11-04
f94b7d45-21ad-5e3b-9107-e536580205fc,servicio,40000,40000,0,pos,542ce679-204a-5791-b69c-d8f7f8680032,b4af6236-368c-5f96-a685-e8faf26e5144,,Hora: 3:40 p.m.,2025-11-04
9eb3f1ba-a5c2-5c34-a843-1eb22c2e0f27,servicio,35000,35000,0,pos,0f489206-25e9-53c4-8d8d-6618a7529b0d,910784b4-4669-5b74-bbb2-997a4d659b45,,Hora: 3:40 p.m.,2025-11-04
3dbef5ef-d584-5551-a553-7bf4886483b7,servicio,40000,40000,0,pos,5a4835af-29a0-5b2b-bc55-151527283dac,b4af6236-368c-5f96-a685-e8faf26e5144,,Hora: 4:36 p.m.,2025-11-04
e5723521-2198-561f-b5e6-dee714ba5029,servicio,40000,40000,60,efectivo,af8aad18-6d3f-5717-97a3-ac0a05555b08,b4af6236-368c-5f96-a685-e8faf26e5144,,Hora: 5:05 p.m.,2025-11-04
0f54a254-12a3-5f05-994a-a2c1c5447e88,servicio,40000,40000,0,transferencia,484f5b73-86e2-5fa7-b4ad-17d41adbbb2d,b4af6236-368c-5f96-a685-e8faf26e5144,,Hora: 5:54 p.m.,2025-11-04
a6d893b5-837a-5b29-92e7-4af024f260cc,servicio,40000,40000,0,pos,e80afc55-2470-540a-b893-68e1bdf84bd7,b4af6236-368c-5f96-a685-e8faf26e5144,,Hora: 6:08 p.m.,2025-11-04
73939915-1350-5762-9463-51146a29aeab,servicio,40000,40000,0,pos,a7f241e5-de2b-5fe2-accf-e2cb4d7c7803,b4af6236-368c-5f96-a685-e8faf26e5144,,Hora: 7:41 p.m.,2025-11-04
02d15f8b-88ac-5bf7-ab8c-0cdc77c9a578,servicio,40000,40000,0,transferencia,2c9ee34d-fcce-5dcd-8045-b2713afc3eb0,b4af6236-368c-5f96-a685-e8faf26e5144,,Hora: 7:42 p.m.,2025-11-04
2780404b-4a2a-5eec-98f3-18a08a7c0ab6,servicio,40000,40000,10,efectivo,e987869c-d350-5cb5-b3a4-cb56170451a5,b4af6236-368c-5f96-a685-e8faf26e5144,,Hora: 9:24 p.m.,2025-11-04
59487573-f528-59a1-9f85-c7b168516692,servicio,40000,40000,10,efectivo,e987869c-d350-5cb5-b3a4-cb56170451a5,b4af6236-368c-5f96-a685-e8faf26e5144,,Hora: 12:29 p.m.,2025-11-05
536be989-b24d-5cc0-a604-e5cb411696bc,servicio,40000,40000,-150000000000000,,38c8a371-39ba-5d06-a741-29cb67362839,b4af6236-368c-5f96-a685-e8faf26e5144,,Hora: 12:30 p.m.,2025-11-05
59487573-f528-59a1-9f85-c7b168516692,servicio,40000,40000,0,efectivo,e987869c-d350-5cb5-b3a4-cb56170451a5,b4af6236-368c-5f96-a685-e8faf26e5144,,Hora: 12:30 p.m.,2025-11-05
cd473403-9d96-5210-8866-fea759b2f49a,servicio,30000,30000,0,pos,f8e1a167-b0d4-578a-bb00-a42ee0cf2f7b,4410801d-a633-524a-8dfa-0df5e44049d6,,Hora: 2:51 p.m.,2025-11-05
3183ae6e-358d-5469-840a-e227a398220f,servicio,30000,30000,-50000000000000,,e987869c-d350-5cb5-b3a4-cb56170451a5,4410801d-a633-524a-8dfa-0df5e44049d6,,Hora: 4:05 p.m.,2025-11-05
3183ae6e-358d-5469-840a-e227a398220f,servicio,30000,30000,-50000000000000,,e987869c-d350-5cb5-b3a4-cb56170451a5,4410801d-a633-524a-8dfa-0df5e44049d6,,Hora: 4:05 p.m.,2025-11-05
cec653e2-fbd0-546c-a38b-fea7cafa12ac,servicio,40000,40000,0,pos,45f22651-662c-51dd-895f-8cc3998bec9d,b4af6236-368c-5f96-a685-e8faf26e5144,,Hora: 4:55 p.m.,2025-11-05
df18163b-ab9d-5692-b90f-fc1751c50e3f,servicio,40000,40000,0,efectivo,429d0b69-d769-5980-9678-8763d767022b,b4af6236-368c-5f96-a685-e8faf26e5144,,Hora: 5:15 p.m.,2025-11-05
aa687688-dd0f-526b-ba19-239c9e2ce1e7,servicio,35000,35000,0,efectivo,403657ca-b515-5c11-9aee-eccda1d3906f,910784b4-4669-5b74-bbb2-997a4d659b45,,Hora: 6:29 p.m.,2025-11-05
da6cf7f1-036e-53d9-93a8-23251c4b5017,servicio,40000,40000,0,pos,d401ba6b-58d2-5444-97cf-30fd89d79e6b,b4af6236-368c-5f96-a685-e8faf26e5144,,Hora: 7:18 p.m.,2025-11-05
5a7b0796-ae1a-52ba-b529-42c0cfc8b004,servicio,40000,40000,0,pos,eddc7652-d368-5b0d-9c6d-8b0e14e7b422,b4af6236-368c-5f96-a685-e8faf26e5144,,Hora: 3:45 p.m.,2025-11-14
d728c0e2-e08e-5243-aac8-d95a17d78a95,servicio,40000,40000,60,efectivo,84b6ab43-c2de-5e4d-9151-b3a2552ec482,b4af6236-368c-5f96-a685-e8faf26e5144,,Hora: 3:46 p.m.,2025-11-14
a5094f84-0ccb-5fed-a6d9-036d41bd023b,servicio,35000,35000,0,transferencia,c51ab8b9-3873-55e8-b32c-af3076e6371f,910784b4-4669-5b74-bbb2-997a4d659b45,,Hora: 3:47 p.m.,2025-11-14
2e19f9b7-60d5-5974-b4b5-67106c278dce,servicio,40000,40000,0,efectivo,6a6bb1da-0c49-58f4-8170-2627215bd354,b4af6236-368c-5f96-a685-e8faf26e5144,,Hora: 4:43 p.m.,2025-11-14
06acae05-f639-545f-a2c0-155005192b4a,servicio,40000,40000,0,,7d738575-71a6-5a14-8bcd-c34e9c7efd53,b4af6236-368c-5f96-a685-e8faf26e5144,,Hora: 5:13 p.m.,2025-11-14
34829c8a-cfc0-5c74-afa1-a197c2d7681b,servicio,40000,40000,0,efectivo,5fc1f359-1f01-5fb4-b72a-51e2c25a3d20,b4af6236-368c-5f96-a685-e8faf26e5144,,Hora: 5:48 p.m.,2025-11-14
bb7c253a-1d7b-5cae-9dff-671c34914403,servicio,35000,35000,0,efectivo,0e7e227b-861e-5a05-92a8-e6295c112f37,910784b4-4669-5b74-bbb2-997a4d659b45,,Hora: 6:08 p.m.,2025-11-14
5fe5c33d-7d7c-5da5-8203-b9b6a02dfb8c,servicio,30000,30000,0,transferencia,4ab90db3-079f-51d0-ae8a-621881b76f00,4410801d-a633-524a-8dfa-0df5e44049d6,,Hora: 6:35 p.m.,2025-11-14
f299deac-6882-5ca1-8b7c-f530a54e336f,servicio,40000,40000,0,efectivo,2c9ee34d-fcce-5dcd-8045-b2713afc3eb0,b4af6236-368c-5f96-a685-e8faf26e5144,,Hora: 6:57 p.m.,2025-11-14
e4e944e4-177a-5d2a-bd30-109dff34dd5a,servicio,40000,40000,0,efectivo,f458dc46-3981-5b08-b285-a8c9fa913e60,b4af6236-368c-5f96-a685-e8faf26e5144,,Hora: 7:36 p.m.,2025-11-14
d8512169-a29d-5585-a7f5-a29443e6bc3f,apertura,,10000000000,10000000000,,,,,Hora: 10:41 a.m.,2025-11-22
74fceacb-af5b-5fec-be49-4ebbb338d6d2,servicio,40000,40000,0,pos,caf35d4e-b9ba-5fdf-ae9d-52701270c60e,b4af6236-368c-5f96-a685-e8faf26e5144,,Hora: 11:29 a.m.,2025-11-22
d2f80e37-a1e4-5503-b5dd-0111e0aff453,servicio,40000,40000,5,efectivo,f91a6620-33c0-563d-aa0b-e9aa576bfa76,b4af6236-368c-5f96-a685-e8faf26e5144,,Hora: 12:39 p.m.,2025-11-22
73ec3806-709e-57b4-b044-e0040d656a5d,servicio,35000,35000,5,efectivo,1719d386-bdb0-564f-8f9b-10d1b78e8c8b,910784b4-4669-5b74-bbb2-997a4d659b45,,Hora: 2:36 p.m.,2025-11-22
578bb7b4-94e2-5db3-b924-d55e00ad2572,servicio,40000,40000,0,efectivo,c68fd4a0-41d7-5039-862d-97d80f9c0bff,b4af6236-368c-5f96-a685-e8faf26e5144,,Hora: 11:55 a.m.,2025-11-25
24c2dd43-f9c4-5a7d-a470-694ba0e62a8c,servicio,40000,40000,0,efectivo,969e7760-7459-5599-ac02-b9a98c8f7495,b4af6236-368c-5f96-a685-e8faf26e5144,,Hora: 11:55 a.m.,2025-11-25
4909ba1a-b3ca-57c0-86a1-108756fc117a,servicio,40000,40000,0,efectivo,777b03cb-089e-53f8-bd76-bf9bad872449,b4af6236-368c-5f96-a685-e8faf26e5144,,Hora: 12:32 p.m.,2025-11-25
124f2e74-386b-5487-b0c7-bb778612aa81,servicio,40000,40000,10,efectivo,b9d2cd56-9843-539a-989a-a0804cd7be7d,b4af6236-368c-5f96-a685-e8faf26e5144,,Hora: 1:29 p.m.,2025-11-25
698cf918-6430-5c1b-bd6b-de8ae5c87f0e,servicio,40000,40000,10,efectivo,c08d0836-02a6-50bf-8cf7-06bada109a27,b4af6236-368c-5f96-a685-e8faf26e5144,,Hora: 1:30 p.m.,2025-11-25
58dddd24-d756-5476-9462-33cbc03781c2,servicio,40000,40000,0,efectivo,ccb6c251-539f-58cb-a1da-eed209720136,b4af6236-368c-5f96-a685-e8faf26e5144,,Hora: 1:57 p.m.,2025-11-25
6bdd92e2-052d-5af9-a7d9-3dea9223d18a,servicio,40000,40000,0,efectivo,5a4835af-29a0-5b2b-bc55-151527283dac,b4af6236-368c-5f96-a685-e8faf26e5144,,Hora: 3:16 p.m.,2025-11-25
bf544031-62dc-51fd-882a-d7ad5e4abb85,servicio,40000,40000,0,efectivo,0dc700c8-a921-588c-beb7-03a2587d8635,b4af6236-368c-5f96-a685-e8faf26e5144,,Hora: 4:00 p.m.,2025-11-25
6bdd92e2-052d-5af9-a7d9-3dea9223d18a,servicio,40000,40000,0,efectivo,5a4835af-29a0-5b2b-bc55-151527283dac,b4af6236-368c-5f96-a685-e8faf26e5144,,Hora: 4:07 p.m.,2025-11-25
289fab20-519e-588b-832a-8fc22f4feee8,servicio,40000,40000,0,transferencia,128dbcbf-c2b7-5909-b213-e352e873ccf9,b4af6236-368c-5f96-a685-e8faf26e5144,,Hora: 4:57 p.m.,2025-11-25
fcc19a52-4408-597f-8f6e-acab1f976102,servicio,60000,60000,0,pos,d49cc65c-9e45-52a1-ad31-72a4e892a6b0,cb0e9128-f2f4-5d0f-9d6e-8c902c59fc83,,Hora: 5:42 p.m.,2025-11-25
bdb504cb-b756-5f38-a28e-0f75ff69cae4,servicio,40000,40000,0,efectivo,69608dc3-9353-5405-84bb-94f260327aab,b4af6236-368c-5f96-a685-e8faf26e5144,,Hora: 6:24 p.m.,2025-11-25
5335969e-81dc-50cd-a8cf-b83a3fd3d09d,servicio,40000,40000,0,efectivo,9c9b31c9-3406-555a-a83a-b611d901f268,b4af6236-368c-5f96-a685-e8faf26e5144,,Hora: 7:10 p.m.,2025-11-25
66484d1a-7abf-510c-afc6-ce92d7c87b68,servicio,40000,40000,0,efectivo,b8073083-18f9-5189-8483-44cbdeb34d59,b4af6236-368c-5f96-a685-e8faf26e5144,,Hora: 7:34 p.m.,2025-11-25
943d9cbb-e9a2-54c6-aa02-c18c2410f6a3,servicio,40000,40000,0,transferencia,a98a40c1-6743-55c7-8701-a528fb08029c,b4af6236-368c-5f96-a685-e8faf26e5144,,Hora: 10:33 p.m.,2025-11-25
04262c36-e3ed-58b5-bf5c-03faa70167b8,servicio,40000,40000,0,transferencia,6fa3c199-cd0b-56cc-b5bc-6c35e01435a8,b4af6236-368c-5f96-a685-e8faf26e5144,,Hora: 10:33 p.m.,2025-11-25
f3da8433-2a47-5d27-a8ab-00fbaa07d04e,servicio,60000,60000,0,transferencia,9509e2b8-aa8d-54ca-b4cd-1eb2a1c04476,cb0e9128-f2f4-5d0f-9d6e-8c902c59fc83,,Hora: 11:15 a.m.,2025-11-26
27e346a4-f829-5629-adca-77f964abc6f4,servicio,35000,35000,15,efectivo,6d665b39-0e0c-5f54-a286-f7e4fade7698,910784b4-4669-5b74-bbb2-997a4d659b45,,Hora: 11:40 a.m.,2025-11-26
d73c17eb-71ea-598b-9ee2-a197d9ff5a16,servicio,35000,35000,0,efectivo,2f283bc6-68a7-5c6f-9cce-5bb304d0c6ab,910784b4-4669-5b74-bbb2-997a4d659b45,,Hora: 12:01 p.m.,2025-11-26
97ab094c-614c-580d-92d2-4fe1f561872c,servicio,40000,40000,0,efectivo,4078e90a-1469-5b35-8e6e-2651eb8f0922,b4af6236-368c-5f96-a685-e8faf26e5144,,Hora: 3:07 p.m.,2025-11-26
0b7255c6-5a38-584c-ae58-a66e8e919b5a,servicio,40000,40000,0,efectivo,f2bbde31-5c77-56fb-acea-b4bb7c056fc3,b4af6236-368c-5f96-a685-e8faf26e5144,,Hora: 4:55 p.m.,2025-11-26
63c0e3d4-7779-5b18-95cb-5a10f95d7cb9,servicio,35000,35000,0,transferencia,2a0cbfe6-9cf1-59c0-b02c-ca60c8113740,910784b4-4669-5b74-bbb2-997a4d659b45,,Hora: 5:57 p.m.,2025-11-26
11b5adfa-a574-52a5-b4ad-9f0db9ec9572,servicio,40000,40000,0,efectivo,e987869c-d350-5cb5-b3a4-cb56170451a5,b4af6236-368c-5f96-a685-e8faf26e5144,,Hora: 6:35 p.m.,2025-11-26
7811425f-b5c9-5b44-a839-a80fbc620bd5,servicio,35000,35000,0,efectivo,e987869c-d350-5cb5-b3a4-cb56170451a5,910784b4-4669-5b74-bbb2-997a4d659b45,,Hora: 6:35 p.m.,2025-11-26
e19a9fd6-7e7e-518e-a0cd-e82d94d94b09,servicio,35000,35000,0,pos,8788e898-7392-5ec0-9a75-c2f79951a11a,910784b4-4669-5b74-bbb2-997a4d659b45,,Hora: 6:51 p.m.,2025-11-26
91877001-359f-5249-8f19-7960403baa02,servicio,40000,40000,0,pos,3a2e7526-9ba9-5cc8-ac4f-e3ecb5f4cff1,b4af6236-368c-5f96-a685-e8faf26e5144,,Hora: 7:09 p.m.,2025-11-26
16f44b7b-24ea-5b30-b721-f3169f2e6cd8,gasto,,0,40,,,,,Pago ayudante | Hora: 7:13 a.m. | Fuente: Cta Bancaria,2025-11-25
023a1562-9853-50c6-a38e-6b6ed12ef489,gasto,,0,35,,,,,Pago ayudante | Hora: 7:14 a.m. | Fuente: Caja,2025-11-27
815a60ca-8873-52c8-a4fd-b97aa860dbbe,servicio,40000,40000,0,efectivo,87af7412-d351-5cd2-8666-471564d56c8f,b4af6236-368c-5f96-a685-e8faf26e5144,,Hora: 11:40 a.m.,2025-11-27
a5d4d4c5-0d32-5a67-8984-78ab89cdb7de,servicio,40000,40000,0,transferencia,14a337e3-5293-5f6b-aa9a-87495daf81cf,b4af6236-368c-5f96-a685-e8faf26e5144,,Hora: 12:35 p.m.,2025-11-27
ed3ce079-4899-5f1d-8a71-60a36b764810,servicio,40000,40000,0,efectivo,1c6333b3-2df1-54e7-a6ef-fc6720a6a0ad,b4af6236-368c-5f96-a685-e8faf26e5144,,Hora: 3:25 p.m.,2025-11-27
5a4da8c8-a2b0-5eed-8939-223dee709309,servicio,40000,40000,0,efectivo,c025cf64-bb42-5f7c-8744-9b8dad28391a,b4af6236-368c-5f96-a685-e8faf26e5144,,Hora: 4:53 p.m.,2025-11-27
bb53f4b2-9fa6-5bf9-8fbd-c31b0a1a567f,servicio,40000,40000,0,efectivo,d3a59015-23ec-528a-971b-f6a64c526e09,b4af6236-368c-5f96-a685-e8faf26e5144,,Hora: 4:54 p.m.,2025-11-27
59296448-36bd-5b0d-8bef-541664593bf6,servicio,40000,40000,0,efectivo,2c9ee34d-fcce-5dcd-8045-b2713afc3eb0,b4af6236-368c-5f96-a685-e8faf26e5144,,Hora: 6:01 p.m.,2025-11-27
88030252-82ba-58e3-9632-e4d7f5a7e855,servicio,40000,40000,0,efectivo,57a90d51-057d-5a2a-923f-7cf3cc5d0f78,b4af6236-368c-5f96-a685-e8faf26e5144,,Hora: 6:24 p.m.,2025-11-27
1b63cbd9-9d8c-51c9-93d2-6e1709cfef91,servicio,40000,40000,0,pos,0d7a5ab7-b0b3-5116-a959-8c8fa34a6ef7,b4af6236-368c-5f96-a685-e8faf26e5144,,Hora: 6:48 p.m.,2025-11-27
a7b2b9cb-8781-50c8-9c6a-a35655b729af,servicio,40000,40000,0,efectivo,82e938d9-27ae-5297-a879-ff5a7b9e365f,b4af6236-368c-5f96-a685-e8faf26e5144,,Hora: 7:35 p.m.,2025-11-27
f911fbb9-4715-53f8-b499-6d868dd15018,servicio,40000,40000,0,transferencia,8078db8a-02c4-5cb3-a924-bc75b564440b,b4af6236-368c-5f96-a685-e8faf26e5144,,Hora: 9:13 p.m.,2025-11-27
e38e6eec-7e15-5a22-948d-2217ed5bb692,servicio,40000,40000,0,transferencia,57decaad-efc1-5deb-b437-30b3d2b0ac1e,b4af6236-368c-5f96-a685-e8faf26e5144,,Hora: 9:51 p.m.,2025-11-27
023a1562-9853-50c6-a38e-6b6ed12ef489,gasto,,0,35,,,,,Pago de sueldo | Hora: 9:51 p.m. | Fuente: Caja,2025-11-27
546003a0-d05e-594c-9648-87a86a25302b,servicio,30000,30000,-50000000000000,efectivo,5b95aa48-1302-5014-b86f-ff8707c7da2a,4410801d-a633-524a-8dfa-0df5e44049d6,,Hora: 1:08 p.m.,2025-11-28
53b178cc-52df-5142-956b-b903d2d9e450,servicio,40000,40000,-100000000000000,transferencia,4ab90db3-079f-51d0-ae8a-621881b76f00,b4af6236-368c-5f96-a685-e8faf26e5144,,Hora: 1:08 p.m.,2025-11-28
9af7903c-c77c-556e-abc1-759dfff972c6,servicio,40000,40000,10,,e987869c-d350-5cb5-b3a4-cb56170451a5,b4af6236-368c-5f96-a685-e8faf26e5144,,Hora: 1:08 p.m.,2025-11-28
9af7903c-c77c-556e-abc1-759dfff972c6,servicio,40000,40000,10,efectivo,e987869c-d350-5cb5-b3a4-cb56170451a5,b4af6236-368c-5f96-a685-e8faf26e5144,,Hora: 2:38 p.m.,2025-11-28
d782134c-335c-5a29-9072-72f82f4c4090,servicio,40000,40000,10,efectivo,72d94be4-770d-5ea1-a5a9-682c8c9d0dc3,b4af6236-368c-5f96-a685-e8faf26e5144,,Hora: 4:53 p.m.,2025-11-28
752d02c2-4250-5410-915d-41457c00df86,servicio,40000,40000,10,efectivo,1db6171a-4af2-5958-84bc-0289e53940f7,b4af6236-368c-5f96-a685-e8faf26e5144,,Hora: 4:53 p.m.,2025-11-28
8a9dbfde-85e8-5a7a-9cc8-99aecfeb843d,servicio,40000,40000,10,efectivo,d11d5af8-406a-57ad-9113-3136583ac5e6,b4af6236-368c-5f96-a685-e8faf26e5144,,Hora: 5:31 p.m.,2025-11-28
546655e3-4c6a-55c0-83bd-12cb2e92090d,servicio,35000,35000,0,transferencia,d359f56a-ab35-5f3e-8d81-ed31d62714ac,910784b4-4669-5b74-bbb2-997a4d659b45,,Hora: 6:01 p.m.,2025-11-28
90475e09-956d-55c5-8e39-dc841bd1190f,servicio,30000,30000,0,efectivo,196079fa-a9e8-5581-a7c8-6d623c2a5883,4410801d-a633-524a-8dfa-0df5e44049d6,,Hora: 7:45 p.m.,2025-11-28
90475e09-956d-55c5-8e39-dc841bd1190f,servicio,30000,30000,0,efectivo,196079fa-a9e8-5581-a7c8-6d623c2a5883,4410801d-a633-524a-8dfa-0df5e44049d6,,Hora: 7:45 p.m.,2025-11-28
729d015e-fbe7-50c2-ae43-8034803f47a3,servicio,35000,35000,0,efectivo,196079fa-a9e8-5581-a7c8-6d623c2a5883,910784b4-4669-5b74-bbb2-997a4d659b45,,Hora: 7:45 p.m.,2025-11-28
9af7903c-c77c-556e-abc1-759dfff972c6,servicio,40000,40000,0,pos,e987869c-d350-5cb5-b3a4-cb56170451a5,b4af6236-368c-5f96-a685-e8faf26e5144,,Hora: 7:45 p.m.,2025-11-28
7364d07e-10d5-585b-9d3f-cbff138b8907,servicio,45000,45000,0,pos,6a4f569a-1788-52b7-802c-ae0bda7d1021,b4af6236-368c-5f96-a685-e8faf26e5144,,Hora: 2:58 p.m.,2025-12-01
b8ab9702-b71e-5bbe-89f2-3c756fbb4b1f,servicio,45000,45000,5,efectivo,3a8b1ffd-abbb-51f2-a75f-683d0f1ea494,b4af6236-368c-5f96-a685-e8faf26e5144,,Hora: 3:28 p.m.,2025-12-01
bd701efa-4425-562e-8e2e-7d23021dfb9c,servicio,55000,55000,0,pos,af8aad18-6d3f-5717-97a3-ac0a05555b08,b60dfcdf-535c-5708-82ae-cca74449a66b,,Hora: 4:16 p.m.,2025-12-01
471e6c46-0dbe-52d1-a6f4-26b1a36b71ac,servicio,75000,75000,0,pos,578d5171-0c5f-5ee8-b8c9-2da7b9f8188e,cb0e9128-f2f4-5d0f-9d6e-8c902c59fc83,,Hora: 5:00 p.m.,2025-12-01
cf3f7c20-62f6-5864-a1c0-ca50447578cf,servicio,45000,45000,0,pos,660c5c1a-2b41-518f-a25a-f05ac430c68b,b4af6236-368c-5f96-a685-e8faf26e5144,,Hora: 5:31 p.m.,2025-12-01
adaf4fa9-a83b-5931-b631-ed2a29793e3f,servicio,45000,45000,5,efectivo,84b6ab43-c2de-5e4d-9151-b3a2552ec482,b4af6236-368c-5f96-a685-e8faf26e5144,,Hora: 6:08 p.m.,2025-12-01
8b1b8fe2-c43f-5abd-99c6-ba3a2c0d36fe,servicio,45000,45000,0,,3c737585-8f82-5f4d-aae3-9140dc8d4f63,b4af6236-368c-5f96-a685-e8faf26e5144,,Hora: 6:48 p.m.,2025-12-01
594e8f80-d580-50c7-9e5f-df35251ef11f,servicio,45000,45000,0,efectivo,871154d0-7ae1-5539-b182-ff1cf1bc6b03,b4af6236-368c-5f96-a685-e8faf26e5144,,Hora: 7:28 p.m.,2025-12-01
f3472d8b-c7a9-5468-81a9-fd08cfef75e4,servicio,45000,45000,0,efectivo,9ebd03b3-b293-5b1c-9c8a-0598a778076b,b4af6236-368c-5f96-a685-e8faf26e5144,,Hora: 8:33 p.m.,2025-12-01
640adad7-da81-55e5-97d0-e9ba37331faa,servicio,45000,45000,0,pos,e987869c-d350-5cb5-b3a4-cb56170451a5,b4af6236-368c-5f96-a685-e8faf26e5144,,Hora: 9:19 p.m.,2025-12-01
ec67e27a-e14c-5a77-b42b-fcc9e9b4c38f,servicio,45000,45000,0,pos,1c428c0d-9b70-58df-ba7c-48315cca8934,b4af6236-368c-5f96-a685-e8faf26e5144,,Hora: 11:51 a.m.,2025-12-02
d8144f8c-f595-5949-98e2-d9c911f1944a,servicio,45000,45000,0,efectivo,e501d4d6-c23e-5386-ba01-8bcd2b95e453,b4af6236-368c-5f96-a685-e8faf26e5144,,Hora: 12:23 p.m.,2025-12-02
a897a6d8-7d83-5033-a75e-b91c2770f17f,servicio,55000,55000,45,,16ed7fb5-3a3b-5137-88b9-ad619e0c24a4,b60dfcdf-535c-5708-82ae-cca74449a66b,,Hora: 1:01 p.m.,2025-12-02
39a86887-2fc6-5e25-941c-715dadf0719f,servicio,45000,45000,15,,460b6b03-1d9e-50a3-97f1-cfa70afdba54,b4af6236-368c-5f96-a685-e8faf26e5144,,Hora: 1:48 p.m.,2025-12-02
0355ac7e-1f4b-5b5b-954a-dc0eb8ab0711,gasto,,0,21,,,,,Merienda | Hora: 3:47 p.m. | Fuente: Caja,2025-12-02
ab47b1e7-e66f-54ea-a936-1c83d0fc2e17,servicio,70000,70000,0,efectivo,8ec42f06-f6ec-5278-b651-5da900a07594,a2e7daba-53c1-5fc2-abfe-913f95a60e01,,Hora: 5:31 p.m.,2025-12-02
595a2ff6-0971-5e13-828c-7d98f7910d83,servicio,45000,45000,0,,8cf7412e-af38-5de5-9bda-edfc2f683cae,b4af6236-368c-5f96-a685-e8faf26e5144,,Hora: 6:06 p.m.,2025-12-02
abffa293-b07a-5814-b8f7-391a31933950,servicio,45000,45000,0,pos,e942f390-667e-5e39-bd5c-4dd640fa4a69,b4af6236-368c-5f96-a685-e8faf26e5144,,Hora: 6:40 p.m.,2025-12-02
4dde69a6-b5fe-594b-b15b-4c34c3cbd187,servicio,45000,45000,0,pos,e987869c-d350-5cb5-b3a4-cb56170451a5,b4af6236-368c-5f96-a685-e8faf26e5144,,Hora: 7:53 p.m.,2025-12-02
1192a910-d661-5a2d-81fd-d97c60bb7659,servicio,35000,35000,0,pos,e987869c-d350-5cb5-b3a4-cb56170451a5,4410801d-a633-524a-8dfa-0df5e44049d6,,Hora: 7:53 p.m.,2025-12-02
bad6562c-1b87-5b1e-a67e-3ee3d0417409,servicio,45000,45000,5,efectivo,3bc689da-d3ad-5315-a00f-91f6825dbdbe,b4af6236-368c-5f96-a685-e8faf26e5144,,Hora: 8:36 p.m.,2025-12-02
104bbf19-088d-53c0-9668-5d8a852d250e,servicio,40000,40000,60,efectivo,1d4aff19-705a-5dc2-8bf4-b18fc3c5ee1b,910784b4-4669-5b74-bbb2-997a4d659b45,,Hora: 9:04 p.m.,2025-12-02
6b8d836b-eaed-535d-bc42-a382abcf6dcb,servicio,55000,55000,0,pos,f411c0f7-a50a-5359-99e1-51a2685ba716,b60dfcdf-535c-5708-82ae-cca74449a66b,,Hora: 11:25 a.m.,2025-12-03
e78011c4-eb2e-5930-a266-87608d86b006,servicio,35000,35000,0,transferencia,e987869c-d350-5cb5-b3a4-cb56170451a5,4410801d-a633-524a-8dfa-0df5e44049d6,,Hora: 12:48 p.m.,2025-12-03
9a17b08b-9735-507f-a549-cf53a8ede49e,servicio,45000,45000,0,efectivo,f9cebff6-df66-57a1-a419-561a978beaa1,b4af6236-368c-5f96-a685-e8faf26e5144,,Hora: 12:49 p.m.,2025-12-03
e78011c4-eb2e-5930-a266-87608d86b006,servicio,35000,35000,0,transferencia,e987869c-d350-5cb5-b3a4-cb56170451a5,4410801d-a633-524a-8dfa-0df5e44049d6,,Hora: 12:51 p.m.,2025-12-03
3e62a97c-f963-51c6-9181-b9b92aaab308,servicio,45000,45000,0,pos,542ce679-204a-5791-b69c-d8f7f8680032,b4af6236-368c-5f96-a685-e8faf26e5144,,Hora: 1:19 p.m.,2025-12-03
316faf89-9021-5952-899f-16902cf2851f,servicio,45000,45000,55,efectivo,00479eb0-62da-5bb5-b5e1-30c92b77196c,b4af6236-368c-5f96-a685-e8faf26e5144,,Hora: 1:44 p.m.,2025-12-03
0d9728ce-3956-5928-9336-3ffbff24efdc,servicio,45000,45000,0,efectivo,6a6bb1da-0c49-58f4-8170-2627215bd354,b4af6236-368c-5f96-a685-e8faf26e5144,,Hora: 2:01 p.m.,2025-12-03
212ba6b8-0d79-5f2d-90f3-02d5bfcab386,servicio,45000,45000,55,efectivo,e987869c-d350-5cb5-b3a4-cb56170451a5,b4af6236-368c-5f96-a685-e8faf26e5144,,Hora: 2:21 p.m.,2025-12-03
d309d317-f808-5f3a-a2ec-ecee08085310,servicio,45000,45000,0,pos,e83ae873-a67c-5fcb-a007-6fe26e61f6d9,b4af6236-368c-5f96-a685-e8faf26e5144,,Hora: 3:28 p.m.,2025-12-03
20f7d9fd-711e-5f50-a34d-cdcd55b1b5e5,servicio,45000,45000,5,efectivo,a4f0883b-bdf1-50b6-bd82-89ba4c9ed51f,b4af6236-368c-5f96-a685-e8faf26e5144,,Hora: 3:56 p.m.,2025-12-03
2bdd2bf9-cf5d-5345-aa36-96b34b0b4cd1,servicio,45000,45000,0,transferencia,2a410002-7521-5cf3-9f2c-ae35e0a8eea4,b4af6236-368c-5f96-a685-e8faf26e5144,,Hora: 5:16 p.m.,2025-12-03
26b9277b-3789-5cfc-894f-306cc4ce2ca5,servicio,40000,40000,60,efectivo,535eab87-4276-5cb2-8fe0-5e474a106aae,910784b4-4669-5b74-bbb2-997a4d659b45,,Hora: 6:16 p.m.,2025-12-03
f41810c5-6402-53f4-a4af-68f95752c677,servicio,40000,40000,-50000000000000,pos,2a410002-7521-5cf3-9f2c-ae35e0a8eea4,910784b4-4669-5b74-bbb2-997a4d659b45,,Hora: 7:53 p.m.,2025-12-03
02ad4ddf-c86a-550e-9367-f1a9610ce4ca,servicio,45000,45000,0,pos,c11f3381-ba06-506e-908e-c4a4343db4db,b4af6236-368c-5f96-a685-e8faf26e5144,,Hora: 7:54 p.m.,2025-12-03
4df07014-a743-5d5d-9131-55de3840c1e2,gasto,,0,90,,,,,Pago de sueldo | Hora: 5:36 a.m. | Fuente: Caja,2025-12-03
525935f6-39f8-5f47-a998-aad2bea9e1f3,servicio,45000,45000,0,efectivo,35064fad-9ff3-50cb-8f11-8a31ffd0d0b3,b4af6236-368c-5f96-a685-e8faf26e5144,,Hora: 12:13 p.m.,2025-12-04
b1c373ee-d505-5776-9b85-c3ef4b876e99,servicio,45000,45000,0,transferencia,5e8c37ce-10aa-5dc5-9847-3cdb64422ad3,b4af6236-368c-5f96-a685-e8faf26e5144,,Hora: 12:13 p.m.,2025-12-04
8ecfc143-445b-5814-b348-8e515db49fe1,servicio,45000,45000,5,efectivo,e987869c-d350-5cb5-b3a4-cb56170451a5,b4af6236-368c-5f96-a685-e8faf26e5144,,Hora: 1:12 p.m.,2025-12-04
36671aba-fe79-564e-bc9d-5562c2a2712f,servicio,55000,55000,45,efectivo,d7b84b9f-0a95-58e0-869a-15fc57b2ca4f,b60dfcdf-535c-5708-82ae-cca74449a66b,,Hora: 2:55 p.m.,2025-12-04
8ecfc143-445b-5814-b348-8e515db49fe1,servicio,45000,45000,0,efectivo,e987869c-d350-5cb5-b3a4-cb56170451a5,b4af6236-368c-5f96-a685-e8faf26e5144,,Hora: 3:57 p.m.,2025-12-04
96d64fa6-7308-5cd2-8a84-d615999b9e2e,servicio,45000,45000,0,efectivo,3146a403-891d-5ec7-83e7-e7f2a3b29532,b4af6236-368c-5f96-a685-e8faf26e5144,,Hora: 4:45 p.m.,2025-12-04
5ff222e6-f86c-55c4-8035-9337fa44dbfa,servicio,40000,40000,0,pos,13a27418-d87f-5563-863c-4c94ddc3ffc0,910784b4-4669-5b74-bbb2-997a4d659b45,,Hora: 4:55 p.m.,2025-12-04
8ecfc143-445b-5814-b348-8e515db49fe1,servicio,45000,45000,5,efectivo,e987869c-d350-5cb5-b3a4-cb56170451a5,b4af6236-368c-5f96-a685-e8faf26e5144,,Hora: 5:36 p.m.,2025-12-04
6cafcf19-411c-512c-8c1a-f5f335abd385,servicio,45000,45000,0,efectivo,5a4835af-29a0-5b2b-bc55-151527283dac,b4af6236-368c-5f96-a685-e8faf26e5144,,Hora: 5:37 p.m.,2025-12-04
13f167cc-dae6-5ce2-bce7-20acf504f28c,servicio,55000,55000,0,efectivo,67da51dc-58dd-5b3d-904b-0645b87c4666,b60dfcdf-535c-5708-82ae-cca74449a66b,,Hora: 6:19 p.m.,2025-12-04
fc71e8c0-0bfd-5160-bb74-0330e863d4b4,servicio,45000,45000,0,transferencia,39e7924b-4afd-5503-ba46-3e78f335b669,b4af6236-368c-5f96-a685-e8faf26e5144,,Hora: 2:57 p.m.,2025-12-05
17e7dc5b-9729-568b-8d48-89dc744b22de,servicio,45000,45000,5,efectivo,84ab8ad0-ce32-5ae1-ae28-aa6d24d57af9,b4af6236-368c-5f96-a685-e8faf26e5144,,Hora: 2:57 p.m.,2025-12-05
e2c818a8-a4fa-55f4-9d14-d4fff286648e,servicio,45000,45000,5,efectivo,30c7648d-fe47-5dc9-850e-99fd95676198,b4af6236-368c-5f96-a685-e8faf26e5144,,Hora: 6:22 p.m.,2025-12-05
81fabf4c-8bc3-5467-a3cd-6815654a1908,servicio,45000,45000,5,efectivo,e987869c-d350-5cb5-b3a4-cb56170451a5,b4af6236-368c-5f96-a685-e8faf26e5144,,Hora: 6:22 p.m.,2025-12-05
3855583c-aa49-5365-86ac-4d4da010b960,servicio,30000,30000,0,transferencia,e987869c-d350-5cb5-b3a4-cb56170451a5,8b3eb052-313c-5bd1-a6bb-4106ed0592af,,Hora: 6:22 p.m.,2025-12-05
3855583c-aa49-5365-86ac-4d4da010b960,servicio,30000,30000,0,transferencia,e987869c-d350-5cb5-b3a4-cb56170451a5,8b3eb052-313c-5bd1-a6bb-4106ed0592af,,Hora: 6:22 p.m.,2025-12-05
3855583c-aa49-5365-86ac-4d4da010b960,servicio,30000,30000,0,transferencia,e987869c-d350-5cb5-b3a4-cb56170451a5,8b3eb052-313c-5bd1-a6bb-4106ed0592af,,Hora: 6:23 p.m.,2025-12-05
9998f776-5073-5c91-ad27-3e08137a82ca,servicio,40000,40000,0,pos,e987869c-d350-5cb5-b3a4-cb56170451a5,910784b4-4669-5b74-bbb2-997a4d659b45,,Hora: 6:23 p.m.,2025-12-05
d73daab2-0121-5a45-9637-192fe00ec323,servicio,45000,45000,0,pos,a7f241e5-de2b-5fe2-accf-e2cb4d7c7803,b4af6236-368c-5f96-a685-e8faf26e5144,,Hora: 7:44 p.m.,2025-12-05
81fabf4c-8bc3-5467-a3cd-6815654a1908,servicio,45000,45000,0,pos,e987869c-d350-5cb5-b3a4-cb56170451a5,b4af6236-368c-5f96-a685-e8faf26e5144,,Hora: 7:44 p.m.,2025-12-05
cbae8bb1-1425-5afb-bc46-da43b7333989,servicio,55000,55000,0,efectivo,4ab90db3-079f-51d0-ae8a-621881b76f00,b60dfcdf-535c-5708-82ae-cca74449a66b,,Hora: 11:17 a.m.,2025-12-06
7565a829-68c7-5378-b1d8-57dd9163fa2a,servicio,45000,45000,0,efectivo,e987869c-d350-5cb5-b3a4-cb56170451a5,b4af6236-368c-5f96-a685-e8faf26e5144,,Hora: 11:17 a.m.,2025-12-06
37fa863d-2fd8-54e3-aa98-747db0596c42,servicio,35000,35000,15,efectivo,e987869c-d350-5cb5-b3a4-cb56170451a5,4410801d-a633-524a-8dfa-0df5e44049d6,,Hora: 11:26 a.m.,2025-12-06
7565a829-68c7-5378-b1d8-57dd9163fa2a,servicio,45000,45000,55,efectivo,e987869c-d350-5cb5-b3a4-cb56170451a5,b4af6236-368c-5f96-a685-e8faf26e5144,,Hora: 1:15 p.m.,2025-12-06
7565a829-68c7-5378-b1d8-57dd9163fa2a,servicio,45000,45000,5,efectivo,e987869c-d350-5cb5-b3a4-cb56170451a5,b4af6236-368c-5f96-a685-e8faf26e5144,,Hora: 1:15 p.m.,2025-12-06
72791b91-05cc-5f5a-adfb-4ae4d2c3a795,servicio,70000,70000,0,pos,e987869c-d350-5cb5-b3a4-cb56170451a5,a2e7daba-53c1-5fc2-abfe-913f95a60e01,,Hora: 2:03 p.m.,2025-12-06
a91d1408-4b2e-5fe4-96e6-1710cc576204,servicio,40000,40000,0,pos,e987869c-d350-5cb5-b3a4-cb56170451a5,910784b4-4669-5b74-bbb2-997a4d659b45,,Hora: 2:55 p.m.,2025-12-06
7537cca6-9650-5091-9315-eb7f5309fe57,gasto,,0,70,,,,,Pago de sueldo | Hora: 2:56 p.m. | Fuente: Caja,2025-12-06
37fa863d-2fd8-54e3-aa98-747db0596c42,servicio,35000,35000,15,efectivo,e987869c-d350-5cb5-b3a4-cb56170451a5,4410801d-a633-524a-8dfa-0df5e44049d6,,Hora: 3:46 p.m.,2025-12-06
7565a829-68c7-5378-b1d8-57dd9163fa2a,servicio,45000,45000,55,efectivo,e987869c-d350-5cb5-b3a4-cb56170451a5,b4af6236-368c-5f96-a685-e8faf26e5144,,Hora: 5:29 p.m.,2025-12-06
14614ad8-593a-5c69-9628-8ddde7380e7d,servicio,45000,45000,0,efectivo,047a2593-af97-59f6-971b-4192c812c213,b4af6236-368c-5f96-a685-e8faf26e5144,,Hora: 5:30 p.m.,2025-12-06
f2751fb2-6bbb-5462-9306-41b559ff2b67,servicio,55000,55000,45,efectivo,e987869c-d350-5cb5-b3a4-cb56170451a5,b60dfcdf-535c-5708-82ae-cca74449a66b,,Hora: 5:55 p.m.,2025-12-09
7389833e-979b-521d-98f9-ddcfc9a28b6f,servicio,45000,45000,5,efectivo,a778dca5-3360-5bd5-ad72-67cd988e503f,b4af6236-368c-5f96-a685-e8faf26e5144,,Hora: 5:56 p.m.,2025-12-09
0bfd9dec-82b8-5260-8270-7c91025b82a2,servicio,45000,45000,0,efectivo,e987869c-d350-5cb5-b3a4-cb56170451a5,b4af6236-368c-5f96-a685-e8faf26e5144,,Hora: 5:56 p.m.,2025-12-09
2cf8ae40-8da9-5cf6-9052-e57d5a72c23e,servicio,40000,40000,10,efectivo,0a891760-140d-52b8-87d3-b230cf18c725,910784b4-4669-5b74-bbb2-997a4d659b45,,Hora: 5:56 p.m.,2025-12-09
88572182-7795-5207-8b8a-5adfa95791fd,servicio,55000,55000,0,pos,46907921-de73-5aa6-9ea4-eb7fac9f9198,b60dfcdf-535c-5708-82ae-cca74449a66b,,Hora: 1:44 p.m.,2025-12-10
50b4fe54-f6fc-5c31-8df5-cce093f41ad5,servicio,40000,40000,10,efectivo,a934f617-401e-596f-bd16-d23f9f265c02,910784b4-4669-5b74-bbb2-997a4d659b45,,Hora: 1:44 p.m.,2025-12-10
46e05281-eb66-5e29-a85f-2786c5a9b855,servicio,45000,45000,0,efectivo,a6449072-017e-5644-b7bc-6e007ba5c693,b4af6236-368c-5f96-a685-e8faf26e5144,,Hora: 1:45 p.m.,2025-12-10
6853c501-885b-5213-b014-d0bce7a65170,servicio,55000,55000,0,efectivo,e501d4d6-c23e-5386-ba01-8bcd2b95e453,b60dfcdf-535c-5708-82ae-cca74449a66b,,Hora: 11:47 a.m.,2025-12-11
6bcbe973-6269-5206-a124-6f0398ab0be0,servicio,40000,40000,0,pos,e987869c-d350-5cb5-b3a4-cb56170451a5,910784b4-4669-5b74-bbb2-997a4d659b45,,Hora: 5:55 p.m.,2025-12-11
fe244598-fede-5ba9-9d75-8776d43f49f9,servicio,55000,55000,0,transferencia,d754e181-db8e-57ec-834b-7696926398f6,b60dfcdf-535c-5708-82ae-cca74449a66b,,Hora: 5:55 p.m.,2025-12-11
e0e765d9-ff53-55b7-af5b-dedf58c3755d,servicio,45000,45000,0,transferencia,87c0c2e0-bb5b-5d95-ac41-00272c4d648e,b4af6236-368c-5f96-a685-e8faf26e5144,,Hora: 5:55 p.m.,2025-12-11
4cc3a93b-4f45-566f-beaa-88a1bd8a0354,servicio,45000,45000,0,transferencia,4870fb15-0d36-504d-874a-cfb6ff83faf4,b4af6236-368c-5f96-a685-e8faf26e5144,,Hora: 5:55 p.m.,2025-12-11
41b0c017-8cd9-5068-8a32-8833287208b2,servicio,40000,40000,0,efectivo,85ae4081-c8aa-5cef-8043-5e116818e8d1,910784b4-4669-5b74-bbb2-997a4d659b45,,Hora: 5:56 p.m.,2025-12-11
a858edc8-8f04-59cc-b4ab-4c70c9ed6789,servicio,45000,45000,0,efectivo,ccb6c251-539f-58cb-a1da-eed209720136,b4af6236-368c-5f96-a685-e8faf26e5144,,Hora: 5:56 p.m.,2025-12-11
8673d5be-2a5d-571e-9614-735da267b164,servicio,45000,45000,0,pos,4078e90a-1469-5b35-8e6e-2651eb8f0922,b4af6236-368c-5f96-a685-e8faf26e5144,,Hora: 5:56 p.m.,2025-12-11
e01a0575-ab77-5f4c-920f-db6701cb21c9,servicio,45000,45000,0,pos,e987869c-d350-5cb5-b3a4-cb56170451a5,b4af6236-368c-5f96-a685-e8faf26e5144,,Hora: 5:56 p.m.,2025-12-11
0db69d56-a2cf-59db-94c4-752a45e503a6,servicio,40000,40000,0,efectivo,f91a6620-33c0-563d-aa0b-e9aa576bfa76,910784b4-4669-5b74-bbb2-997a4d659b45,,Hora: 5:57 p.m.,2025-12-11
1c822e8d-6241-52fc-b9b0-02f679b4c84d,servicio,45000,45000,0,transferencia,57decaad-efc1-5deb-b437-30b3d2b0ac1e,b4af6236-368c-5f96-a685-e8faf26e5144,,Hora: 11:11 a.m.,2025-12-13
892f1239-d610-5c05-8a05-a8ff04baa3d2,servicio,40000,40000,0,pos,d359f56a-ab35-5f3e-8d81-ed31d62714ac,910784b4-4669-5b74-bbb2-997a4d659b45,,Hora: 12:50 p.m.,2025-12-27
2509695b-7a38-59d7-b621-8cced181c58d,servicio,45000,45000,-450000000000000,efectivo,d45ba37d-3a9d-50c1-a423-4cd15c6f18ee,b4af6236-368c-5f96-a685-e8faf26e5144,,Hora: 6:43 p.m.,2025-12-30
2509695b-7a38-59d7-b621-8cced181c58d,servicio,45000,45000,-450000000000000,efectivo,d45ba37d-3a9d-50c1-a423-4cd15c6f18ee,b4af6236-368c-5f96-a685-e8faf26e5144,,Hora: 6:43 p.m.,2025-12-30
2509695b-7a38-59d7-b621-8cced181c58d,servicio,45000,45000,-450000000000000,efectivo,d45ba37d-3a9d-50c1-a423-4cd15c6f18ee,b4af6236-368c-5f96-a685-e8faf26e5144,,Hora: 6:43 p.m.,2025-12-30
2509695b-7a38-59d7-b621-8cced181c58d,servicio,45000,45000,-450000000000000,efectivo,d45ba37d-3a9d-50c1-a423-4cd15c6f18ee,b4af6236-368c-5f96-a685-e8faf26e5144,,Hora: 6:43 p.m.,2025-12-30
2509695b-7a38-59d7-b621-8cced181c58d,servicio,45000,45000,-450000000000000,efectivo,d45ba37d-3a9d-50c1-a423-4cd15c6f18ee,b4af6236-368c-5f96-a685-e8faf26e5144,,Hora: 6:44 p.m.,2025-12-30
22b1c641-397d-53f0-86d0-3fce8d768b05,servicio,40000,40000,0,efectivo,a934f617-401e-596f-bd16-d23f9f265c02,910784b4-4669-5b74-bbb2-997a4d659b45,,Hora: 9:59 a.m.,2026-01-20
617111fc-0a09-5b9f-8a40-0927943f8cea,servicio,45000,45000,0,pos,128dbcbf-c2b7-5909-b213-e352e873ccf9,b4af6236-368c-5f96-a685-e8faf26e5144,,Hora: 3:36 p.m.,2026-01-20
398376d6-7be6-513f-95cd-87906c7f8a0a,servicio,45000,45000,0,pos,c08d0836-02a6-50bf-8cf7-06bada109a27,b4af6236-368c-5f96-a685-e8faf26e5144,,Hora: 5:44 p.m.,2026-01-20
689c3a7e-9350-56eb-8150-27080b53a464,servicio,45000,45000,0,pos,b9d2cd56-9843-539a-989a-a0804cd7be7d,b4af6236-368c-5f96-a685-e8faf26e5144,,Hora: 5:45 p.m.,2026-01-20
2ec2010d-ae9a-5904-a489-9b26ac8c8bda,servicio,45000,45000,0,pos,e987869c-d350-5cb5-b3a4-cb56170451a5,b4af6236-368c-5f96-a685-e8faf26e5144,,Hora: 5:45 p.m.,2026-01-20
2ec2010d-ae9a-5904-a489-9b26ac8c8bda,servicio,45000,45000,55,efectivo,e987869c-d350-5cb5-b3a4-cb56170451a5,b4af6236-368c-5f96-a685-e8faf26e5144,,Hora: 5:46 p.m.,2026-01-20
f546982d-6c9f-5f0d-a9c3-1c7f8af2cbe7,servicio,45000,45000,0,efectivo,e501d4d6-c23e-5386-ba01-8bcd2b95e453,b4af6236-368c-5f96-a685-e8faf26e5144,,Hora: 5:47 p.m.,2026-01-20
76022e18-8363-59f1-9b55-aaa4b940dbdd,servicio,45000,45000,0,pos,e8fb36f4-e806-5e78-b568-3409ee325e7e,b4af6236-368c-5f96-a685-e8faf26e5144,,Hora: 7:06 p.m.,2026-01-20
ef393b07-a158-528b-b0b5-3075715ef2f9,servicio,45000,45000,5,efectivo,c87108d9-3ed2-53ff-9fab-91f6ebe44445,b4af6236-368c-5f96-a685-e8faf26e5144,,Hora: 7:07 p.m.,2026-01-20
0196223c-52eb-5d9c-ace2-287c8470519d,servicio,45000,45000,0,pos,e83ae873-a67c-5fcb-a007-6fe26e61f6d9,b4af6236-368c-5f96-a685-e8faf26e5144,,Hora: 3:36 p.m.,2026-01-21
4c9d4f6b-d1d5-54ab-b887-c991c7a19930,servicio,45000,45000,0,pos,eddc7652-d368-5b0d-9c6d-8b0e14e7b422,b4af6236-368c-5f96-a685-e8faf26e5144,,Hora: 3:37 p.m.,2026-01-21
4b593ac7-66ab-56a7-8786-7ef9a5d07c22,servicio,45000,45000,0,pos,e7c94aa7-9165-5512-aef2-8f9e139c5a20,b4af6236-368c-5f96-a685-e8faf26e5144,,Hora: 5:55 p.m.,2026-01-21
c8228502-b2fb-5bd8-84b6-80190b734b1f,servicio,45000,45000,0,efectivo,dcbe36e6-3fca-59ee-91dd-0da2bb32d73b,b4af6236-368c-5f96-a685-e8faf26e5144,,Hora: 7:05 p.m.,2026-01-21
12a452d1-98f6-5452-9e11-868c5c027f91,servicio,45000,45000,0,transferencia,a2364d1a-a5c0-5b16-b1d2-1ed9ae6ce6a5,b4af6236-368c-5f96-a685-e8faf26e5144,,Hora: 7:54 p.m.,2026-01-21
2fb75877-e2b4-5334-b63a-e257ed2f79bd,servicio,45000,45000,55,efectivo,e987869c-d350-5cb5-b3a4-cb56170451a5,b4af6236-368c-5f96-a685-e8faf26e5144,,Hora: 4:18 p.m.,2026-01-22
2fb75877-e2b4-5334-b63a-e257ed2f79bd,servicio,45000,45000,55,efectivo,e987869c-d350-5cb5-b3a4-cb56170451a5,b4af6236-368c-5f96-a685-e8faf26e5144,,Hora: 4:18 p.m.,2026-01-22
3ce0ae7f-bf6b-556c-8d11-a3d5b7f2b58c,servicio,35000,35000,-50000000000000,,6748e641-e3f4-5d55-a2ef-8b9c1b76aea2,4410801d-a633-524a-8dfa-0df5e44049d6,,Hora: 4:44 p.m.,2026-01-22
72220b87-c4d7-5b62-9b3f-a4685815ec90,servicio,70000,70000,0,pos,84b6ab43-c2de-5e4d-9151-b3a2552ec482,0c847f60-a5de-5e29-9a53-45bf494f63cc,,Hora: 5:22 p.m.,2026-01-22
56b6da9a-9e52-5f01-b3d0-69cc6b4fdc5f,servicio,35000,35000,0,efectivo,e501d4d6-c23e-5386-ba01-8bcd2b95e453,4410801d-a633-524a-8dfa-0df5e44049d6,,Hora: 5:34 p.m.,2026-01-22
e177de77-4b2c-5bb7-b048-4ff1f9992fde,servicio,45000,45000,5,efectivo,870268fd-b0ac-5019-9537-814d5ef0a586,b4af6236-368c-5f96-a685-e8faf26e5144,,Hora: 6:47 p.m.,2026-01-22
1d965a47-3e21-5f35-95ca-249cfc5affd1,servicio,45000,45000,5,efectivo,1db6171a-4af2-5958-84bc-0289e53940f7,b4af6236-368c-5f96-a685-e8faf26e5144,,Hora: 6:47 p.m.,2026-01-22
e5a208b3-5092-5cd5-8974-80e2b053b7e8,servicio,40000,40000,0,pos,2ad8161e-66dd-595c-89b4-bb749ba42c56,910784b4-4669-5b74-bbb2-997a4d659b45,,Hora: 7:33 p.m.,2026-01-22
43d68c87-31e1-5a6d-9a0d-c6a27b7a82e5,servicio,35000,35000,0,pos,2ad8161e-66dd-595c-89b4-bb749ba42c56,4410801d-a633-524a-8dfa-0df5e44049d6,,Hora: 7:33 p.m.,2026-01-22
8577c817-07ec-56ee-bc7b-a0e75bb37ff9,servicio,40000,40000,0,efectivo,3ac33436-fcf2-5ad9-82c6-dcce1cab31c3,910784b4-4669-5b74-bbb2-997a4d659b45,,Hora: 11:43 a.m.,2026-01-23
df5d04cc-527d-56c1-8caf-47f7da43dd17,servicio,30000,30000,0,pos,a0f66a39-ec5e-529f-8659-231c3b839e6f,8b3eb052-313c-5bd1-a6bb-4106ed0592af,,Hora: 3:31 p.m.,2026-01-23
bdee44ec-4100-504b-b885-550546847f95,servicio,45000,45000,0,pos,0f489206-25e9-53c4-8d8d-6618a7529b0d,b4af6236-368c-5f96-a685-e8faf26e5144,,Hora: 6:01 p.m.,2026-01-23
dfa5210d-79db-5ac7-9625-be2cbf7cbf87,servicio,45000,45000,0,efectivo,af8aad18-6d3f-5717-97a3-ac0a05555b08,b4af6236-368c-5f96-a685-e8faf26e5144,,Hora: 10:20 a.m.,2026-01-24
bb386a29-d729-5bb5-85da-6b3025321234,servicio,45000,45000,0,efectivo,ccb6c251-539f-58cb-a1da-eed209720136,b4af6236-368c-5f96-a685-e8faf26e5144,,Hora: 11:38 a.m.,2026-01-24
1c172772-c2b8-5c26-b101-6d6a5b95fd75,servicio,45000,45000,15,efectivo,a6449072-017e-5644-b7bc-6e007ba5c693,b4af6236-368c-5f96-a685-e8faf26e5144,,Hora: 1:43 p.m.,2026-01-24
e2bb41c1-9d7e-5915-b6ee-4df8094679c0,servicio,45000,45000,0,transferencia,d754e181-db8e-57ec-834b-7696926398f6,b4af6236-368c-5f96-a685-e8faf26e5144,,Hora: 1:43 p.m.,2026-01-24
8cc94272-14dd-5a65-9dbe-9c052d207300,servicio,45000,45000,0,transferencia,87c0c2e0-bb5b-5d95-ac41-00272c4d648e,b4af6236-368c-5f96-a685-e8faf26e5144,,Hora: 1:43 p.m.,2026-01-24
f86de1e6-bc2b-54f3-a260-2fa08f1eec38,servicio,45000,45000,0,transferencia,4870fb15-0d36-504d-874a-cfb6ff83faf4,b4af6236-368c-5f96-a685-e8faf26e5144,,Hora: 1:43 p.m.,2026-01-24
220ebe11-82a4-5f77-b1ad-4cfcec5d6744,servicio,45000,45000,45,efectivo,70b833c1-0cdc-5a11-803e-0f3bdfb1a762,b4af6236-368c-5f96-a685-e8faf26e5144,,Hora: 1:59 p.m.,2026-01-24
73eb5f3a-e517-568b-941e-7a1afd2741ee,servicio,45000,45000,5,efectivo,1c428c0d-9b70-58df-ba7c-48315cca8934,b4af6236-368c-5f96-a685-e8faf26e5144,,Hora: 3:06 p.m.,2026-01-24
b3202b37-51a6-5f4b-91bc-463bc9555f55,servicio,40000,40000,0,efectivo,aaff3f8f-bf40-5882-a218-960142225e10,910784b4-4669-5b74-bbb2-997a4d659b45,,Hora: 10:06 a.m.,2026-01-26
e50dfec4-cacd-533e-b205-63b5a4218ae4,servicio,45000,45000,0,pos,6f3f4570-8b9f-5c98-a382-d5031cacaa5d,b4af6236-368c-5f96-a685-e8faf26e5144,,Hora: 12:33 p.m.,2026-01-26
5e3e7e4a-ef12-5873-99c9-65999a4c9f31,servicio,45000,45000,0,pos,94c9ce49-ae50-5828-b95a-e846c7147f17,b4af6236-368c-5f96-a685-e8faf26e5144,,Hora: 2:12 p.m.,2026-01-26
1d801265-25ee-5d6c-8f61-a931f1956601,servicio,40000,40000,0,pos,c723ea57-9360-5b10-8937-e62f8538066e,910784b4-4669-5b74-bbb2-997a4d659b45,,Hora: 7:34 p.m.,2026-01-26
9e214918-f1df-5abb-a424-6852be9ff44f,servicio,35000,35000,0,efectivo,173b2eae-2bf6-5c3a-a855-4dfb3e00881a,4410801d-a633-524a-8dfa-0df5e44049d6,,Hora: 10:19 a.m.,2026-01-27
629dddd1-616f-5e5e-8d27-6ff434550986,servicio,45000,45000,5,efectivo,6fa3c199-cd0b-56cc-b5bc-6c35e01435a8,b4af6236-368c-5f96-a685-e8faf26e5144,,Hora: 2:49 p.m.,2026-01-27
91f00a7f-ac1a-5404-a07d-1029cc0f8058,servicio,45000,45000,0,efectivo,7c61a493-a5c9-5c33-a302-78a10fcc2f87,b4af6236-368c-5f96-a685-e8faf26e5144,,Hora: 2:54 p.m.,2026-01-27
dddf29e5-590d-5a3f-89b1-40dca859af4e,servicio,45000,45000,5,efectivo,e942f390-667e-5e39-bd5c-4dd640fa4a69,b4af6236-368c-5f96-a685-e8faf26e5144,,Hora: 8:01 a.m.,2026-01-27
f42b42a3-c7c4-54e5-b090-44deabdad09d,servicio,45000,45000,0,efectivo,d7b84b9f-0a95-58e0-869a-15fc57b2ca4f,b4af6236-368c-5f96-a685-e8faf26e5144,,Hora: 8:02 a.m.,2026-01-27
a9f559eb-0db6-5233-9129-089007d479a8,servicio,45000,45000,0,pos,c025cf64-bb42-5f7c-8744-9b8dad28391a,b4af6236-368c-5f96-a685-e8faf26e5144,,Hora: 8:02 a.m.,2026-01-27
2db87265-a194-54c2-a7e7-cb3e50c916a3,servicio,45000,45000,0,pos,d45ba37d-3a9d-50c1-a423-4cd15c6f18ee,b4af6236-368c-5f96-a685-e8faf26e5144,,Hora: 12:17 p.m.,2026-01-28
af598b45-eab5-5416-a91d-18845b507950,servicio,45000,45000,0,transferencia,35064fad-9ff3-50cb-8f11-8a31ffd0d0b3,b4af6236-368c-5f96-a685-e8faf26e5144,,Hora: 4:33 p.m.,2026-01-28
81b03b9e-7b3a-5a73-9365-172786a2c439,servicio,30000,30000,0,efectivo,e480811e-bc7c-582d-bffd-7cfc30a800d1,8b3eb052-313c-5bd1-a6bb-4106ed0592af,,Hora: 11:54 a.m.,2026-01-29
b78e7272-c8e5-51a9-9bf9-3bf049bc2710,servicio,45000,45000,5,efectivo,b7bfb6df-4221-5a98-be42-80b863740016,b4af6236-368c-5f96-a685-e8faf26e5144,,Hora: 4:19 p.m.,2026-01-29
4f7fc269-7aaa-559a-bbd0-acb00782768e,servicio,45000,45000,55,efectivo,3f723510-ce82-5a79-a972-67a078067671,b4af6236-368c-5f96-a685-e8faf26e5144,,Hora: 5:01 p.m.,2026-01-29
973099df-72b6-56da-bad8-23eebe5909dc,servicio,45000,45000,0,transferencia,33074d0b-f139-5f05-991a-8bc53eaa9ae8,b4af6236-368c-5f96-a685-e8faf26e5144,,Hora: 6:59 p.m.,2026-01-29
b5071f0a-3041-5710-852b-c76498a89c31,servicio,45000,45000,0,transferencia,4ab90db3-079f-51d0-ae8a-621881b76f00,b4af6236-368c-5f96-a685-e8faf26e5144,,Hora: 12:29 p.m.,2026-01-30
dde6f2ee-2650-5daa-8925-6d8741ad9be0,servicio,45000,45000,0,pos,1993b557-0af7-5c33-91b3-5087dd62039e,b4af6236-368c-5f96-a685-e8faf26e5144,,Hora: 3:44 p.m.,2026-01-30
660a03da-e6d8-57e0-af75-b84bca915c59,servicio,40000,40000,0,efectivo,41724a02-d794-5878-8b37-441d2872e3d5,910784b4-4669-5b74-bbb2-997a4d659b45,,Hora: 5:52 p.m.,2026-01-30
453df7c7-5794-5679-b364-536563b00dbd,servicio,45000,45000,0,pos,d27d4b42-0c7f-5823-abd7-e6af4df42ea2,b4af6236-368c-5f96-a685-e8faf26e5144,,Hora: 6:19 p.m.,2026-01-30
a5a0b178-e93c-52dc-a46d-6d895dbe4392,servicio,45000,45000,0,pos,e84b21aa-d9ea-5701-a979-eb0d574ff9f6,b4af6236-368c-5f96-a685-e8faf26e5144,,Hora: 7:05 p.m.,2026-01-30
26748bfb-29ff-5093-abcd-3e64ab50e6f9,servicio,45000,45000,0,pos,4c835915-e7a8-5d25-b84e-b3fec30fc60d,b4af6236-368c-5f96-a685-e8faf26e5144,,Hora: 10:54 a.m.,2026-01-31
cfd8b531-e3f3-55da-904d-a138e72d9795,servicio,30000,30000,0,pos,941f491d-b206-5f2e-8119-7814e0037b5c,8b3eb052-313c-5bd1-a6bb-4106ed0592af,,Hora: 11:40 a.m.,2026-01-31
f39fff2a-2484-5f99-a569-caf8ca1852ff,servicio,40000,40000,0,pos,3790bbfb-b562-5b93-9898-3b59c14e00a1,910784b4-4669-5b74-bbb2-997a4d659b45,,Hora: 11:40 a.m.,2026-01-31
35b06c34-3b9e-54d0-af83-0bdbaccece27,servicio,70000,70000,0,pos,81901e2b-eae6-51da-a39b-19dfe4546fbb,0c847f60-a5de-5e29-9a53-45bf494f63cc,,Hora: 11:41 a.m.,2026-01-31
ca0afcba-1dca-509f-aa4d-38156872b770,servicio,45000,45000,0,efectivo,1c428c0d-9b70-58df-ba7c-48315cca8934,b4af6236-368c-5f96-a685-e8faf26e5144,,Hora: 12:40 p.m.,2026-01-31
694a2be7-32b1-57b5-94a2-45ae5d280125,servicio,45000,45000,0,pos,1aa121bd-0f5b-51a9-8a71-d9a8d4a72537,b4af6236-368c-5f96-a685-e8faf26e5144,,Hora: 1:17 p.m.,2026-01-31
b32055b2-5095-55ce-8487-937392a3490a,servicio,40000,40000,0,efectivo,f5c62db2-31ed-5cc2-992b-575f1faa2001,910784b4-4669-5b74-bbb2-997a4d659b45,,Hora: 1:16 p.m.,2026-01-31
293e941b-8919-562f-a37f-3f3fcd55b4b8,servicio,45000,45000,0,pos,a2f9b728-c687-5305-8502-3501ea696520,b4af6236-368c-5f96-a685-e8faf26e5144,,Hora: 2:01 p.m.,2026-01-31
994f1cf2-919e-5c3c-843e-5fa1eb60cb9c,servicio,45000,45000,55,efectivo,e987869c-d350-5cb5-b3a4-cb56170451a5,b4af6236-368c-5f96-a685-e8faf26e5144,,Hora: 2:01 p.m.,2026-01-31
b778ff08-a22b-5337-9cbb-38d935f2f81b,servicio,45000,45000,0,pos,968ae678-e82e-5129-a0a1-efcc67a798f9,b4af6236-368c-5f96-a685-e8faf26e5144,,Hora: 2:29 p.m.,2026-01-31
d38183d4-1f32-5ca8-b96c-6a41a58fb6e4,servicio,70000,70000,0,pos,b656444a-0309-51e4-b7af-fe1826fb86e3,0c847f60-a5de-5e29-9a53-45bf494f63cc,,Hora: 2:53 p.m.,2026-01-31
a4908497-3e6d-5220-85e9-20d7f7345998,servicio,45000,45000,0,efectivo,19b5ccfe-4b77-5d30-bd6f-6ca3c2a3d088,b4af6236-368c-5f96-a685-e8faf26e5144,,Hora: 3:54 p.m.,2026-01-31
8bcf19e9-699c-5472-ba4b-14212a30da95,servicio,70000,70000,0,pos,e987869c-d350-5cb5-b3a4-cb56170451a5,0c847f60-a5de-5e29-9a53-45bf494f63cc,,Hora: 4:07 p.m.,2026-01-31
1574ede5-a2a6-5391-b156-0bd93aeec9de,servicio,45000,45000,0,efectivo,75d1e573-ff00-56d3-83d9-036ffc7ccb69,b4af6236-368c-5f96-a685-e8faf26e5144,,Hora: 4:43 p.m.,2026-01-31
a4561ae0-5c96-526b-a9d2-8462cf49e7ed,servicio,45000,45000,0,pos,404daef1-e48c-5963-9c8a-63e0f6490c27,b4af6236-368c-5f96-a685-e8faf26e5144,,Hora: 5:52 p.m.,2026-01-31
c9bd9786-60ab-557d-aea2-163e161397bb,servicio,45000,45000,0,pos,82e938d9-27ae-5297-a879-ff5a7b9e365f,b4af6236-368c-5f96-a685-e8faf26e5144,,Hora: 6:05 p.m.,2026-01-31
4cbb907a-2e62-5df2-a375-23f948801bfa,servicio,45000,45000,0,transferencia,c07b217d-4be6-5fd6-a8f4-228549fc545c,b4af6236-368c-5f96-a685-e8faf26e5144,,Hora: 6:55 p.m.,2026-01-31
8a4d122c-54d7-5378-b9d8-94b752b433fb,servicio,45000,45000,-50000000000000,transferencia,a98a40c1-6743-55c7-8701-a528fb08029c,b4af6236-368c-5f96-a685-e8faf26e5144,,Hora: 8:00 p.m.,2026-01-31
d6161fee-e65c-5add-b9e9-4ef7e1b61cc9,servicio,40000,40000,0,pos,e987869c-d350-5cb5-b3a4-cb56170451a5,910784b4-4669-5b74-bbb2-997a4d659b45,,Hora: 8:00 p.m.,2026-01-31
2eabf906-8005-51a0-89f9-217ea05dd362,servicio,45000,45000,-150000000000000,pos,9c3568af-416a-5474-ab6d-964b62240d6e,b4af6236-368c-5f96-a685-e8faf26e5144,,Hora: 8:00 p.m.,2026-01-31
994f1cf2-919e-5c3c-843e-5fa1eb60cb9c,servicio,45000,45000,-150000000000000,pos,e987869c-d350-5cb5-b3a4-cb56170451a5,b4af6236-368c-5f96-a685-e8faf26e5144,,Hora: 8:01 p.m.,2026-01-31
34d6b2ed-34ba-53cb-92b9-2dc372cfa025,servicio,45000,45000,0,efectivo,8cf7412e-af38-5de5-9bda-edfc2f683cae,b4af6236-368c-5f96-a685-e8faf26e5144,,Hora: 11:21 a.m.,2026-02-02
a25a4e2c-4911-5741-af0d-54bb309d9a52,servicio,45000,45000,5,efectivo,c08d0836-02a6-50bf-8cf7-06bada109a27,b4af6236-368c-5f96-a685-e8faf26e5144,,Hora: 3:34 p.m.,2026-02-02
25f41d63-65e0-51ca-beb5-4a5d276aa3be,servicio,45000,45000,5,efectivo,b9d2cd56-9843-539a-989a-a0804cd7be7d,b4af6236-368c-5f96-a685-e8faf26e5144,,Hora: 3:34 p.m.,2026-02-02
7db2006d-beba-5338-afd7-8b069b35fe52,servicio,40000,40000,0,pos,da4fb500-732c-5d83-98e0-d3f4bafdccec,910784b4-4669-5b74-bbb2-997a4d659b45,,Hora: 3:34 p.m.,2026-02-02
d0894543-d9e6-5531-90d8-b901280cb617,servicio,45000,45000,0,efectivo,d8e23762-c881-536f-b7ad-a5764298653a,b4af6236-368c-5f96-a685-e8faf26e5144,,Hora: 4:16 p.m.,2026-02-02
8fd7a784-9a9c-5aa9-8699-3bbdb47febfc,servicio,45000,45000,0,transferencia,d27d4b42-0c7f-5823-abd7-e6af4df42ea2,b4af6236-368c-5f96-a685-e8faf26e5144,,Hora: 6:02 p.m.,2026-02-02
80929016-d947-558a-93a2-6f58ff7f6833,servicio,45000,45000,5,efectivo,e987869c-d350-5cb5-b3a4-cb56170451a5,b4af6236-368c-5f96-a685-e8faf26e5144,,Hora: 6:03 p.m.,2026-02-02
f6c521e1-e355-57a1-a8e1-d0cea4d503f5,servicio,45000,45000,0,efectivo,1afde040-83b4-50d1-861b-750a33783cf8,b4af6236-368c-5f96-a685-e8faf26e5144,,Hora: 6:20 p.m.,2026-02-02
8c3a2bdf-b333-5c09-afc6-efe3c21fc3be,servicio,45000,45000,0,pos,05a9af58-766b-5b2b-b893-bb0972d3b1d1,b4af6236-368c-5f96-a685-e8faf26e5144,,Hora: 3:07 p.m.,2026-02-03
37b9efd4-035d-56c0-8769-b8ac691a9726,servicio,45000,45000,0,pos,e80afc55-2470-540a-b893-68e1bdf84bd7,b4af6236-368c-5f96-a685-e8faf26e5144,,Hora: 3:31 p.m.,2026-02-03
1a4845eb-c863-5046-80ae-4626a9cb4aff,servicio,45000,45000,0,pos,ee466ba6-b415-5107-a1a6-966eebb44c3f,b4af6236-368c-5f96-a685-e8faf26e5144,,Hora: 4:35 p.m.,2026-02-03
6ecfd0f6-94b1-51be-ab67-8f15a05d73d8,servicio,45000,45000,0,efectivo,3c737585-8f82-5f4d-aae3-9140dc8d4f63,b4af6236-368c-5f96-a685-e8faf26e5144,,Hora: 5:27 p.m.,2026-02-03
efbe3dfb-a82d-5fd6-b500-7ab7c3af9b29,servicio,45000,45000,0,pos,00479eb0-62da-5bb5-b5e1-30c92b77196c,b4af6236-368c-5f96-a685-e8faf26e5144,,Hora: 5:41 p.m.,2026-02-03
c56f877e-339e-5d14-b163-1ba7fd45f6ad,servicio,70000,70000,0,pos,578d5171-0c5f-5ee8-b8c9-2da7b9f8188e,0c847f60-a5de-5e29-9a53-45bf494f63cc,,Hora: 6:26 p.m.,2026-02-03
8c5b83ab-5617-578b-9323-66312c555f1a,servicio,70000,70000,40,efectivo,30c7648d-fe47-5dc9-850e-99fd95676198,0c847f60-a5de-5e29-9a53-45bf494f63cc,,Hora: 11:46 a.m.,2026-02-04
fdd4c9dc-f87c-532a-9b46-cf6198a1e256,servicio,45000,45000,0,efectivo,07c4d16a-3626-5bd9-90e2-9eae6926fa57,b4af6236-368c-5f96-a685-e8faf26e5144,,Hora: 5:51 p.m.,2026-02-04
d31c6000-7307-584d-b3cb-72a2f51554d8,servicio,45000,45000,0,pos,ec8e6c8a-1222-54a9-a49d-5a684ef2b132,b4af6236-368c-5f96-a685-e8faf26e5144,,Hora: 5:52 p.m.,2026-02-04
c5128fd4-d94f-5916-b77b-2c94b9412e25,servicio,70000,70000,0,pos,3eb0f69b-da35-5304-bafa-1476936d5dab,0c847f60-a5de-5e29-9a53-45bf494f63cc,,Hora: 6:23 p.m.,2026-02-04
4433b36f-379a-5794-8ef0-eb5feb4e939d,servicio,45000,45000,55,efectivo,c2353623-dcfc-5dcf-b7e4-1148c9af1992,b4af6236-368c-5f96-a685-e8faf26e5144,,Hora: 6:54 p.m.,2026-02-04
40628d68-ff69-5bb6-8281-6dd186359bdd,servicio,45000,45000,0,pos,ab959b5e-0f53-5981-a7e5-62d81e107519,b4af6236-368c-5f96-a685-e8faf26e5144,,Hora: 7:03 p.m.,2026-02-04
881045d3-b60c-5e5b-ae4e-23d5bc883d97,servicio,45000,45000,5,,e987869c-d350-5cb5-b3a4-cb56170451a5,b4af6236-368c-5f96-a685-e8faf26e5144,,Hora: 2:11 p.m.,2026-02-05
c14ebfca-ee7b-54ca-839b-1503b1ffa97c,servicio,35000,35000,0,efectivo,e987869c-d350-5cb5-b3a4-cb56170451a5,4410801d-a633-524a-8dfa-0df5e44049d6,,Hora: 2:56 p.m.,2026-02-05
e473493e-09f8-5fc8-9e37-9b4ad3a55c5b,servicio,40000,40000,0,efectivo,196079fa-a9e8-5581-a7c8-6d623c2a5883,910784b4-4669-5b74-bbb2-997a4d659b45,,Hora: 3:32 p.m.,2026-02-05
9d71a0c7-77db-5fa7-81e3-59b196d17dd6,servicio,45000,45000,0,transferencia,2b5ee10e-01e2-5574-981b-2d19efa3ec08,b4af6236-368c-5f96-a685-e8faf26e5144,,Hora: 5:01 p.m.,2026-02-05
160ec4ff-9698-5e34-889a-28b9041712b4,servicio,40000,40000,0,pos,49a7160a-390a-5a18-9268-d6cee6903c4b,910784b4-4669-5b74-bbb2-997a4d659b45,,Hora: 5:43 p.m.,2026-02-05
46cc5f61-efc0-5448-b5cb-bb0c5c9c3e23,servicio,45000,45000,0,efectivo,7d738575-71a6-5a14-8bcd-c34e9c7efd53,b4af6236-368c-5f96-a685-e8faf26e5144,,Hora: 6:39 p.m.,2026-02-05
04d43753-ca36-5d83-aabe-acc4151ed21c,servicio,45000,45000,0,efectivo,a162c868-61f1-5666-9326-f15166064755,b4af6236-368c-5f96-a685-e8faf26e5144,,Hora: 7:15 p.m.,2026-02-05
bba915cd-5d8a-5cd9-a65a-f1c879dcace2,servicio,40000,40000,0,pos,d49cc65c-9e45-52a1-ad31-72a4e892a6b0,910784b4-4669-5b74-bbb2-997a4d659b45,,Hora: 11:09 a.m.,2026-02-06
95e1ca0d-2f6e-5dfc-8353-289eb1128fb8,servicio,45000,45000,0,pos,39e7924b-4afd-5503-ba46-3e78f335b669,b4af6236-368c-5f96-a685-e8faf26e5144,,Hora: 12:37 p.m.,2026-02-06
eb7245fb-f38e-5881-a5c6-bf46e918a215,servicio,45000,45000,0,pos,af8aad18-6d3f-5717-97a3-ac0a05555b08,b4af6236-368c-5f96-a685-e8faf26e5144,,Hora: 2:23 p.m.,2026-02-06
47751390-812f-575e-a6f7-fea9732f6318,servicio,45000,45000,0,pos,6f3f4570-8b9f-5c98-a382-d5031cacaa5d,b4af6236-368c-5f96-a685-e8faf26e5144,,Hora: 4:09 p.m.,2026-02-06
8203e5a4-e74a-59e8-9988-7ae895813d78,servicio,45000,45000,55,efectivo,e987869c-d350-5cb5-b3a4-cb56170451a5,b4af6236-368c-5f96-a685-e8faf26e5144,,Hora: 4:34 p.m.,2026-02-06
de2a17c2-3a93-503b-a847-2b86ec7c2445,servicio,45000,45000,0,efectivo,e501d4d6-c23e-5386-ba01-8bcd2b95e453,b4af6236-368c-5f96-a685-e8faf26e5144,,Hora: 5:08 p.m.,2026-02-06
e725a4d8-1846-5526-a712-590e6bda9b18,servicio,45000,45000,0,,6bad72da-586b-5e6a-a3ef-29ca64186585,b4af6236-368c-5f96-a685-e8faf26e5144,,Hora: 5:56 p.m.,2026-02-06
83854dba-57a5-58e2-affa-d9a841e52df9,servicio,40000,40000,0,,d359f56a-ab35-5f3e-8d81-ed31d62714ac,910784b4-4669-5b74-bbb2-997a4d659b45,,Hora: 6:56 p.m.,2026-02-06
5a1798b5-2f1f-59cb-b6c7-9b805154c39f,servicio,45000,45000,0,efectivo,568d31a1-9229-56cd-8d0e-0240a70b200a,b4af6236-368c-5f96-a685-e8faf26e5144,,Hora: 7:36 p.m.,2026-02-06
45485683-6e37-576f-b175-e7b8591b4999,servicio,45000,45000,0,efectivo,2c9ee34d-fcce-5dcd-8045-b2713afc3eb0,b4af6236-368c-5f96-a685-e8faf26e5144,,Hora: 8:30 p.m.,2026-02-06
7f8999e7-e060-54a4-9c45-e13abfca85b2,servicio,40000,40000,0,pos,9a3a8ce6-a288-5297-b4eb-0de7d617d8ec,910784b4-4669-5b74-bbb2-997a4d659b45,,Hora: 11:06 a.m.,2026-02-07
51136dff-80fe-5e94-aaac-be155bf722a9,servicio,45000,45000,0,pos,3a8b1ffd-abbb-51f2-a75f-683d0f1ea494,b4af6236-368c-5f96-a685-e8faf26e5144,,Hora: 11:06 a.m.,2026-02-07
2e41815e-0fcf-5020-8a62-a2cf77a9c397,servicio,45000,45000,0,pos,84ab8ad0-ce32-5ae1-ae28-aa6d24d57af9,b4af6236-368c-5f96-a685-e8faf26e5144,,Hora: 11:32 a.m.,2026-02-07
8a7e8dc7-700d-5a84-96a4-e7faf73d306c,servicio,45000,45000,0,pos,df591063-b52f-516c-a816-5b3cd19c1a40,b4af6236-368c-5f96-a685-e8faf26e5144,,Hora: 11:32 a.m.,2026-02-07
59f5600a-7e7d-56c3-918c-b25efcf7426a,servicio,45000,45000,0,efectivo,57decaad-efc1-5deb-b437-30b3d2b0ac1e,b4af6236-368c-5f96-a685-e8faf26e5144,,Hora: 11:42 a.m.,2026-02-07
88a97807-ff87-546f-9cde-8d85f93277cf,servicio,45000,45000,0,efectivo,57b5563e-4dc3-5a0e-bd65-6f9027517ba8,b4af6236-368c-5f96-a685-e8faf26e5144,,Hora: 12:46 p.m.,2026-02-07
bf976b26-e59c-5d19-81bd-a174ed3fd1e4,servicio,45000,45000,0,pos,4122a260-020d-5d6d-b830-70f74fe9f205,b4af6236-368c-5f96-a685-e8faf26e5144,,Hora: 1:44 p.m.,2026-02-07
13a5fe86-81d4-5789-8e82-40118c7668de,servicio,45000,45000,0,pos,d3a59015-23ec-528a-971b-f6a64c526e09,b4af6236-368c-5f96-a685-e8faf26e5144,,Hora: 1:44 p.m.,2026-02-07
08f02675-67c8-57ef-9804-579857d11403,servicio,45000,45000,5,efectivo,1c6333b3-2df1-54e7-a6ef-fc6720a6a0ad,b4af6236-368c-5f96-a685-e8faf26e5144,,Hora: 4:45 p.m.,2026-02-07
0a65d241-6a5f-5eb9-8282-2f5d03c29925,servicio,40000,40000,0,efectivo,2257aba0-015b-5b50-a5bc-29ec25cdf291,910784b4-4669-5b74-bbb2-997a4d659b45,,Hora: 5:22 p.m.,2026-02-07
5a35f5f3-558e-5cc4-a86a-43d203fc6d8b,servicio,45000,45000,0,efectivo,9d6df68c-4554-501d-a060-bafdcf1e5f75,b4af6236-368c-5f96-a685-e8faf26e5144,,Hora: 5:52 p.m.,2026-02-07
60e0e07a-4852-5b4c-8a03-630995204fa2,servicio,45000,45000,0,transferencia,f9cebff6-df66-57a1-a419-561a978beaa1,b4af6236-368c-5f96-a685-e8faf26e5144,,Hora: 5:56 p.m.,2026-02-07
c7fba10c-8681-5822-b65b-db03ea2f0a69,servicio,30000,30000,0,efectivo,0f489206-25e9-53c4-8d8d-6618a7529b0d,8b3eb052-313c-5bd1-a6bb-4106ed0592af,,Hora: 5:57 p.m.,2026-02-07
de533a67-ff64-54c3-a352-75ef30c2f748,servicio,45000,45000,0,efectivo,a008dff8-b630-57ca-b3bf-d2ac97e3b2eb,b4af6236-368c-5f96-a685-e8faf26e5144,,Hora: 12:23 p.m.,2026-02-10
d40835e6-db12-5d6a-b91a-3399f9a69f3e,servicio,45000,45000,0,efectivo,b6f96796-c868-5c68-99c3-bd7db3440e19,b4af6236-368c-5f96-a685-e8faf26e5144,,Hora: 2:52 p.m.,2026-02-10
90fa2364-5be5-55bd-84be-36125ff96186,servicio,45000,45000,0,pos,e942f390-667e-5e39-bd5c-4dd640fa4a69,b4af6236-368c-5f96-a685-e8faf26e5144,,Hora: 3:19 p.m.,2026-02-10
dc9727e5-0bd4-5dac-91e5-2bf973699a6e,servicio,45000,45000,0,transferencia,ccb6c251-539f-58cb-a1da-eed209720136,b4af6236-368c-5f96-a685-e8faf26e5144,,Hora: 3:34 p.m.,2026-02-10
7c7ce77a-1880-57c4-941b-b8b66a2f7138,servicio,35000,35000,0,pos,e987869c-d350-5cb5-b3a4-cb56170451a5,4410801d-a633-524a-8dfa-0df5e44049d6,,Hora: 4:23 p.m.,2026-02-10
93dc779b-b01c-5e4c-ba85-4b5e686099ce,servicio,45000,45000,0,efectivo,bd20a02b-8952-5186-a4c6-152b76c7b081,b4af6236-368c-5f96-a685-e8faf26e5144,,Hora: 5:07 p.m.,2026-02-10
da781c5c-53a1-5272-acfc-7696d74521ab,servicio,45000,45000,0,transferencia,e83ae873-a67c-5fcb-a007-6fe26e61f6d9,b4af6236-368c-5f96-a685-e8faf26e5144,,Hora: 6:10 p.m.,2026-02-10
525fd41b-9829-5bd2-8b3d-12ab2fee9b25,servicio,35000,35000,65,efectivo,5b95aa48-1302-5014-b86f-ff8707c7da2a,4410801d-a633-524a-8dfa-0df5e44049d6,,Hora: 7:04 p.m.,2026-02-10
52e57816-bb36-5bbc-8bb2-1e34963ca063,servicio,45000,45000,5,efectivo,542ce679-204a-5791-b69c-d8f7f8680032,b4af6236-368c-5f96-a685-e8faf26e5144,,Hora: 7:05 p.m.,2026-02-10
7b2f01f7-2c13-57c3-a628-2ac5c2224b2d,servicio,45000,45000,0,pos,d7b84b9f-0a95-58e0-869a-15fc57b2ca4f,b4af6236-368c-5f96-a685-e8faf26e5144,,Hora: 4:07 p.m.,2026-02-10
f64d4e10-c684-561b-a788-8eda90c255de,servicio,45000,45000,0,efectivo,8513f36a-a795-56c1-8b59-102082bd0256,b4af6236-368c-5f96-a685-e8faf26e5144,,Hora: 10:50 a.m.,2026-02-11
1f586f88-aca7-5442-ae8a-1280582275f2,servicio,45000,45000,0,pos,eddc7652-d368-5b0d-9c6d-8b0e14e7b422,b4af6236-368c-5f96-a685-e8faf26e5144,,Hora: 11:30 a.m.,2026-02-11
b3e8133e-e26e-501d-bd9e-c8831f556029,servicio,45000,45000,0,pos,21d29d96-e029-52c9-90c7-ff775ffdd72c,b4af6236-368c-5f96-a685-e8faf26e5144,,Hora: 12:08 p.m.,2026-02-11
964d2d02-e7ed-5cb4-817c-1c65de3830a7,servicio,45000,45000,0,transferencia,d754e181-db8e-57ec-834b-7696926398f6,b4af6236-368c-5f96-a685-e8faf26e5144,,Hora: 4:57 p.m.,2026-02-11
823d81a3-cc9a-5e8a-bad0-a0e587ed732b,servicio,45000,45000,0,transferencia,4870fb15-0d36-504d-874a-cfb6ff83faf4,b4af6236-368c-5f96-a685-e8faf26e5144,,Hora: 4:57 p.m.,2026-02-11
3c392130-f1e2-508b-ade7-7db6d4acccbc,servicio,45000,45000,0,transferencia,b10a8a12-97a9-51f1-ae16-da5bac58e023,b4af6236-368c-5f96-a685-e8faf26e5144,,Hora: 4:57 p.m.,2026-02-11
34c390f2-98fb-5227-a863-91880472804c,servicio,70000,70000,0,pos,e987869c-d350-5cb5-b3a4-cb56170451a5,0c847f60-a5de-5e29-9a53-45bf494f63cc,,Hora: 6:07 p.m.,2026-02-11
d5882d89-e189-5f5c-996f-06e063de5fdf,servicio,45000,45000,0,pos,e987869c-d350-5cb5-b3a4-cb56170451a5,b4af6236-368c-5f96-a685-e8faf26e5144,,Hora: 7:03 p.m.,2026-02-11
079d15b2-fe21-5fa3-a4e2-738fb9a0cd9e,servicio,45000,45000,0,efectivo,7d738575-71a6-5a14-8bcd-c34e9c7efd53,b4af6236-368c-5f96-a685-e8faf26e5144,,Hora: 7:32 p.m.,2026-02-11
73cf99cc-1ae4-5129-9474-97ec543ac317,servicio,45000,45000,0,efectivo,97bdf6c8-a605-52d5-8b7f-7b9717e8e610,b4af6236-368c-5f96-a685-e8faf26e5144,,Hora: 7:58 p.m.,2026-02-11
a406345d-a1a9-5cab-b72b-3805a457f062,servicio,40000,40000,0,efectivo,6d665b39-0e0c-5f54-a286-f7e4fade7698,910784b4-4669-5b74-bbb2-997a4d659b45,,Hora: 10:16 a.m.,2026-02-12
03581001-c439-507b-a7d3-e6f2774c471e,servicio,45000,45000,0,efectivo,370ff6ff-c8ef-5b10-a887-9ead1f55e136,b4af6236-368c-5f96-a685-e8faf26e5144,,Hora: 11:21 a.m.,2026-02-12
7140f1c1-1744-5816-b19a-d926a65af7a4,servicio,45000,45000,0,efectivo,e987869c-d350-5cb5-b3a4-cb56170451a5,b4af6236-368c-5f96-a685-e8faf26e5144,,Hora: 1:12 p.m.,2026-02-12
d29207a5-97db-596d-b494-b57fb8e7f31a,servicio,45000,45000,0,pos,87c0c2e0-bb5b-5d95-ac41-00272c4d648e,b4af6236-368c-5f96-a685-e8faf26e5144,,Hora: 2:49 p.m.,2026-02-12
57c26062-67dd-527c-8889-f59e73ceda50,servicio,40000,40000,-150000000000000,,4f8cf15e-e523-522f-85d5-f0a561b115d3,910784b4-4669-5b74-bbb2-997a4d659b45,,Hora: 2:51 p.m.,2026-02-12
4ccb4155-c70a-58e4-94f8-c0f25660184e,servicio,45000,45000,0,transferencia,e298e6fa-493e-5691-87ab-d771c05b95a8,b4af6236-368c-5f96-a685-e8faf26e5144,,Hora: 3:27 p.m.,2026-02-12
a4c00766-a7c2-5657-aee3-f7fcf216e5f3,servicio,40000,40000,0,pos,b2a24650-1f63-5d6c-956c-a963d1482d80,910784b4-4669-5b74-bbb2-997a4d659b45,,Hora: 4:05 p.m.,2026-02-12
94c8ddc8-4a28-5e3b-887d-7f336c9f0741,servicio,40000,40000,0,efectivo,92d9e326-8514-524d-921f-c8ab02c6b147,910784b4-4669-5b74-bbb2-997a4d659b45,,Hora: 4:05 p.m.,2026-02-12
d8ea0344-a515-5110-8a57-3a389cf59b32,servicio,45000,45000,0,pos,46907921-de73-5aa6-9ea4-eb7fac9f9198,b4af6236-368c-5f96-a685-e8faf26e5144,,Hora: 4:37 p.m.,2026-02-12
01e8f7d0-3a42-51aa-afb0-60112475b2d8,servicio,45000,45000,-450000000000000,pos,a7f241e5-de2b-5fe2-accf-e2cb4d7c7803,b4af6236-368c-5f96-a685-e8faf26e5144,,Hora: 6:57 p.m.,2026-02-12
26d9f984-81a2-5900-9baa-a8aa91d5fa2f,servicio,40000,40000,0,efectivo,f71f4845-1251-52f5-aa24-7ae14617f17c,910784b4-4669-5b74-bbb2-997a4d659b45,,Hora: 12:54 p.m.,2026-02-13
b15c6cde-052e-5e83-ac51-8e1e2cdbd50b,servicio,45000,45000,0,transferencia,e987869c-d350-5cb5-b3a4-cb56170451a5,b4af6236-368c-5f96-a685-e8faf26e5144,,Hora: 1:11 p.m.,2026-02-13
2752b67f-e6c8-5e57-9e9a-b17e84996fa5,servicio,45000,45000,0,transferencia,bb0e2643-8f65-5cc6-a146-9a43f4d9d7ce,b4af6236-368c-5f96-a685-e8faf26e5144,,Hora: 1:12 p.m.,2026-02-13
3c97098a-1ea6-565a-b9b3-5e063825d4df,servicio,40000,40000,0,pos,3d6fdb7b-524f-5f5e-b1ee-b352c507326a,910784b4-4669-5b74-bbb2-997a4d659b45,,Hora: 3:53 p.m.,2026-02-13
3c97098a-1ea6-565a-b9b3-5e063825d4df,servicio,40000,40000,0,pos,3d6fdb7b-524f-5f5e-b1ee-b352c507326a,910784b4-4669-5b74-bbb2-997a4d659b45,,Hora: 3:54 p.m.,2026-02-13
33830770-4a22-51b2-866e-370084dbed55,servicio,40000,40000,0,pos,c51ab8b9-3873-55e8-b32c-af3076e6371f,910784b4-4669-5b74-bbb2-997a4d659b45,,Hora: 4:06 p.m.,2026-02-13
c0afa7e7-1c1f-5b97-b596-4f76ea188611,servicio,45000,45000,0,efectivo,d3e97fc2-52b1-59f8-a8ed-690e97c13eff,b4af6236-368c-5f96-a685-e8faf26e5144,,Hora: 4:47 p.m.,2026-02-13
402cbe0a-4af8-5080-aa8d-c4f0c594aaa1,servicio,45000,45000,0,efectivo,a778dca5-3360-5bd5-ad72-67cd988e503f,b4af6236-368c-5f96-a685-e8faf26e5144,,Hora: 4:48 p.m.,2026-02-13
dde7c70d-3777-5c2b-ab6a-0a2c9c804bd5,servicio,40000,40000,10,efectivo,34d95609-dde1-55da-9641-0976ca0635e6,910784b4-4669-5b74-bbb2-997a4d659b45,,Hora: 5:12 p.m.,2026-02-13
c5341506-624e-529c-b374-dd1897eb2b41,servicio,45000,45000,0,pos,73ef9f7d-74b6-565c-bdcf-d9834d75cf2d,b4af6236-368c-5f96-a685-e8faf26e5144,,Hora: 5:13 p.m.,2026-02-13
8dca72c4-cb23-54bc-8d6f-35cd2dcd5379,servicio,35000,35000,0,efectivo,e86b0de9-e6c2-5b53-82a9-84c055bd1381,4410801d-a633-524a-8dfa-0df5e44049d6,,Hora: 6:02 p.m.,2026-02-13
5d5ad3dd-5b00-509e-8790-896524036177,servicio,35000,35000,-350000000000000,efectivo,ce2962f4-48e5-52b8-80da-5bd050e0f985,4410801d-a633-524a-8dfa-0df5e44049d6,,Hora: 6:02 p.m.,2026-02-13
0b072ab4-5aae-5ab7-8099-15b2e3d307d1,servicio,40000,40000,-100000000000000,efectivo,e987869c-d350-5cb5-b3a4-cb56170451a5,910784b4-4669-5b74-bbb2-997a4d659b45,,Hora: 6:08 p.m.,2026-02-13
02ee8aa5-21d8-50c7-a1ef-20053c798c94,servicio,45000,45000,5,efectivo,4bf24ada-9dc8-562d-8092-4021c161f10e,b4af6236-368c-5f96-a685-e8faf26e5144,,Hora: 8:13 p.m.,2026-02-13
3a199402-295c-5cd8-aed5-13e103f2bed6,servicio,45000,45000,5,efectivo,4e9e03e5-6df0-5db1-9c40-a3873a737875,b4af6236-368c-5f96-a685-e8faf26e5144,,Hora: 8:13 p.m.,2026-02-13
b9a02757-54d1-5238-84c9-292cba26bc0d,servicio,70000,70000,30,efectivo,bd452d7a-b37f-5512-8106-da3985e1cc10,0c847f60-a5de-5e29-9a53-45bf494f63cc,,Hora: 8:17 p.m.,2026-02-13
08010929-69da-51f1-bf18-f4d9cd0e5396,servicio,45000,45000,5,efectivo,6a6bb1da-0c49-58f4-8170-2627215bd354,b4af6236-368c-5f96-a685-e8faf26e5144,,Hora: 10:41 a.m.,2026-02-14
2e867b43-6d7f-5ff8-aecb-28936afe900a,servicio,45000,45000,0,pos,94c9ce49-ae50-5828-b95a-e846c7147f17,b4af6236-368c-5f96-a685-e8faf26e5144,,Hora: 11:07 a.m.,2026-02-14
db3b7f89-8572-50ec-a67a-0a623846c2c9,servicio,45000,45000,0,pos,31859d8f-715f-5ba9-a506-4b2c58a6127e,b4af6236-368c-5f96-a685-e8faf26e5144,,Hora: 11:21 a.m.,2026-02-14
d676b4b4-be27-5fdb-9f66-f8414bd7e092,servicio,45000,45000,0,pos,d3a59015-23ec-528a-971b-f6a64c526e09,b4af6236-368c-5f96-a685-e8faf26e5144,,Hora: 12:03 p.m.,2026-02-14
ec2b6ac0-0661-5df8-8665-2fdec43c3973,servicio,45000,45000,0,efectivo,7002322d-f6d6-5cc5-984a-0f7a265080b2,b4af6236-368c-5f96-a685-e8faf26e5144,,Hora: 2:20 p.m.,2026-02-14
44d93568-f7b6-5fec-aeae-a3d3676186e8,servicio,45000,45000,0,efectivo,5f6116f5-6dd2-5db0-9588-3f105e4f1713,b4af6236-368c-5f96-a685-e8faf26e5144,,Hora: 5:31 p.m.,2026-02-14
66aae86d-add1-57e9-a507-ba2a171c066a,servicio,45000,45000,-450000000000000,,3790bbfb-b562-5b93-9898-3b59c14e00a1,b4af6236-368c-5f96-a685-e8faf26e5144,,Hora: 5:32 p.m.,2026-02-14
361c7e15-b1ca-5667-bc52-c1335d2a31f7,servicio,70000,70000,0,pos,b656444a-0309-51e4-b7af-fe1826fb86e3,0c847f60-a5de-5e29-9a53-45bf494f63cc,,Hora: 6:43 p.m.,2026-02-14
ed4d94e5-8fe6-5d9d-8d65-746890e5f4a2,servicio,45000,45000,0,pos,95a9247a-f3e8-5e69-bb1a-230432ef4795,b4af6236-368c-5f96-a685-e8faf26e5144,,Hora: 7:34 p.m.,2026-02-14
fd279af1-9e2a-58fc-a584-e05092c19bb8,servicio,45000,45000,0,efectivo,a85cf9c9-7184-5b01-92cb-087851d67525,b4af6236-368c-5f96-a685-e8faf26e5144,,Hora: 8:32 p.m.,2026-02-14
ad1d0a00-0de8-59ea-b75e-3075451bada7,servicio,45000,45000,0,efectivo,c1de985c-b557-5f8d-a1c9-e56a53f56bef,b4af6236-368c-5f96-a685-e8faf26e5144,,Hora: 8:33 p.m.,2026-02-14
d81798d4-1e8b-51d5-acc6-e62fbc466c5f,servicio,45000,45000,0,pos,4ab90db3-079f-51d0-ae8a-621881b76f00,b4af6236-368c-5f96-a685-e8faf26e5144,,Hora: 9:31 p.m.,2026-02-14
1fdfd1cb-cc54-59bf-8e65-b2f9092b9c08,servicio,45000,45000,0,pos,e39d7b3d-4049-5a96-9db9-6c4a1ed86d32,b4af6236-368c-5f96-a685-e8faf26e5144,,Hora: 9:31 p.m.,2026-02-14
ce8de430-a09d-5453-926a-585a28248042,servicio,45000,45000,0,transferencia,128dbcbf-c2b7-5909-b213-e352e873ccf9,b4af6236-368c-5f96-a685-e8faf26e5144,,Hora: 11:30 a.m.,2026-02-17
7a5b01f3-d586-5dc8-bd1a-843346d5c57d,servicio,45000,45000,0,efectivo,87af7412-d351-5cd2-8666-471564d56c8f,b4af6236-368c-5f96-a685-e8faf26e5144,,Hora: 11:57 a.m.,2026-02-17
e5e704fa-9a64-5a4f-a579-9e68ff4b8bd4,servicio,40000,40000,10,efectivo,a934f617-401e-596f-bd16-d23f9f265c02,910784b4-4669-5b74-bbb2-997a4d659b45,,Hora: 11:59 a.m.,2026-02-17
3ef5e3e8-1949-538c-a3ea-0c5a4df9695c,servicio,45000,45000,0,efectivo,c59ce057-5901-5e84-8e02-4ab2c061b7d9,b4af6236-368c-5f96-a685-e8faf26e5144,,Hora: 12:39 p.m.,2026-02-17
d3ef71d3-4dc3-52ff-a34a-000168124b39,servicio,45000,45000,0,pos,b9d2cd56-9843-539a-989a-a0804cd7be7d,b4af6236-368c-5f96-a685-e8faf26e5144,,Hora: 1:33 p.m.,2026-02-17
65b7de7c-9dad-5a9d-9c9a-86f85f69eb5f,servicio,45000,45000,0,pos,c08d0836-02a6-50bf-8cf7-06bada109a27,b4af6236-368c-5f96-a685-e8faf26e5144,,Hora: 1:34 p.m.,2026-02-17
c12be8cd-7d20-596d-aada-96cdd9851791,servicio,45000,45000,0,efectivo,87aa7671-6798-5e89-a803-1ffa8f96883d,b4af6236-368c-5f96-a685-e8faf26e5144,,Hora: 5:16 p.m.,2026-02-17
0590b225-cc81-5807-81ce-48b39c56574b,servicio,45000,45000,0,pos,9d4cfe69-a64c-5dd8-8d03-904b94689ed5,b4af6236-368c-5f96-a685-e8faf26e5144,,Hora: 5:33 p.m.,2026-02-17
784b18b4-c78c-5c9c-aff5-735b79bc882b,servicio,30000,30000,0,efectivo,c1d5b79c-5259-5ac5-8d7b-ae2f8663906f,8b3eb052-313c-5bd1-a6bb-4106ed0592af,,Hora: 6:19 p.m.,2026-02-17
a09efbf5-b172-56ef-9452-da954a45f7a3,servicio,70000,70000,0,efectivo,6f09f562-9730-5460-9fd3-f8bdeb976692,0c847f60-a5de-5e29-9a53-45bf494f63cc,,Hora: 8:08 a.m.,2026-02-17
7988e46d-80c6-5d75-a1ea-153d1b441b61,servicio,40000,40000,0,efectivo,dcd06c55-1aa0-5686-ba0c-999b1cfc23da,910784b4-4669-5b74-bbb2-997a4d659b45,,Hora: 9:39 a.m.,2026-02-18
d2480d88-41db-5b2f-9941-73989ca04a5b,servicio,40000,40000,60,efectivo,9ebd03b3-b293-5b1c-9c8a-0598a778076b,910784b4-4669-5b74-bbb2-997a4d659b45,,Hora: 2:51 p.m.,2026-02-19
7453b570-311b-5237-aba8-844c130f49a0,servicio,45000,45000,0,pos,e942f390-667e-5e39-bd5c-4dd640fa4a69,b4af6236-368c-5f96-a685-e8faf26e5144,,Hora: 2:51 p.m.,2026-02-19
a1b069e6-7f29-514b-8e7b-db3de44ca43d,servicio,45000,45000,0,efectivo,a4f0883b-bdf1-50b6-bd82-89ba4c9ed51f,b4af6236-368c-5f96-a685-e8faf26e5144,,Hora: 4:53 p.m.,2026-02-19
2efd746d-486f-53b6-a02c-517220a9435b,servicio,45000,45000,0,pos,0d1fb503-8599-5af9-8f67-e9f48e702bfc,b4af6236-368c-5f96-a685-e8faf26e5144,,Hora: 5:27 p.m.,2026-02-19
5302a4fc-cc22-5dd4-ba8d-31c561bf7e69,servicio,35000,35000,0,transferencia,5b95aa48-1302-5014-b86f-ff8707c7da2a,4410801d-a633-524a-8dfa-0df5e44049d6,,Hora: 6:10 p.m.,2026-02-19
51be49ef-348e-5fbb-a7dd-3897c4de8abd,servicio,45000,45000,-50000000000000,efectivo,,b4af6236-368c-5f96-a685-e8faf26e5144,,Hora: 6:48 p.m.,2026-02-19
31a94142-6579-53b7-a91f-df3a92175f4e,servicio,45000,45000,0,,67cbc0a9-5d06-5d80-9c49-1ad9d1c9272f,b4af6236-368c-5f96-a685-e8faf26e5144,,20.000 efectivo | Hora: 7:26 p.m.,2026-02-19
1a2274c0-5669-53ad-a2d6-8263615787c5,servicio,,45,45,transferencia,612727b9-5b29-5758-8257-3b765824b990,,,Hora: 11:59 a.m.,2026-02-20
a5f68ff1-4119-5141-9848-b19295093a41,servicio,45000,45000,0,pos,e52e3dae-97d5-5f93-9e86-7ef0cf71f1fb,b4af6236-368c-5f96-a685-e8faf26e5144,,Hora: 12:44 p.m.,2026-02-20
85fc85ad-b34c-5709-8c56-0cf389682c95,servicio,35000,35000,65,efectivo,7dd3bd73-1f64-5f1b-9ae4-524b437d7b7e,4410801d-a633-524a-8dfa-0df5e44049d6,,Hora: 4:39 p.m.,2026-02-20
0e280a51-5c67-59ae-812e-aab77651c582,servicio,35000,35000,65,efectivo,4d8ce164-9ef3-59c0-8f0f-297585f92e37,4410801d-a633-524a-8dfa-0df5e44049d6,,Hora: 4:39 p.m.,2026-02-20
8d996626-87ae-5b2e-97f2-f261b37f0bee,servicio,45000,45000,0,transferencia,8078db8a-02c4-5cb3-a924-bc75b564440b,b4af6236-368c-5f96-a685-e8faf26e5144,,Hora: 11:07 a.m.,2026-02-21
44e89d39-1b7d-53cb-9d84-301cb31e3671,servicio,35000,35000,15,,5a2e5b53-ce60-59ba-bda1-a25ab33bf687,4410801d-a633-524a-8dfa-0df5e44049d6,,Hora: 11:16 a.m.,2026-02-21
9628e4bd-c157-5eba-ab43-1ed9341fe717,servicio,45000,45000,55,efectivo,429d0b69-d769-5980-9678-8763d767022b,b4af6236-368c-5f96-a685-e8faf26e5144,,Hora: 11:56 a.m.,2026-02-21
d8464fab-a007-5876-a79f-8b9bf56397e6,servicio,70000,70000,0,pos,64170aa4-cd0b-597e-b8d4-dfc9373a0968,0c847f60-a5de-5e29-9a53-45bf494f63cc,,Hora: 11:59 a.m.,2026-02-21
8f2a016f-3187-554f-a861-a470337e2334,servicio,35000,35000,-50000000000000,efectivo,a68d0d1b-5097-5e06-833e-0e0b3d359675,4410801d-a633-524a-8dfa-0df5e44049d6,,Hora: 12:22 p.m.,2026-02-21
4169f4ed-a679-52ca-83b7-3334ad8007bb,servicio,45000,45000,0,efectivo,3de81416-7186-5e18-89b7-fb93447f066c,b4af6236-368c-5f96-a685-e8faf26e5144,,Hora: 3:19 p.m.,2026-02-21
f85aaee4-a9a9-5d26-a949-c661c25e685a,servicio,40000,40000,0,pos,047a2593-af97-59f6-971b-4192c812c213,910784b4-4669-5b74-bbb2-997a4d659b45,,Hora: 3:24 p.m.,2026-02-21
8b0871d7-742b-5deb-b058-7326e29883ee,servicio,45000,45000,0,pos,d3e97fc2-52b1-59f8-a8ed-690e97c13eff,b4af6236-368c-5f96-a685-e8faf26e5144,,Hora: 3:57 p.m.,2026-02-21
f8d3d5d5-20aa-54cb-9d6e-0cca8c51344c,servicio,45000,45000,0,pos,3eb0f69b-da35-5304-bafa-1476936d5dab,b4af6236-368c-5f96-a685-e8faf26e5144,,Hora: 4:35 p.m.,2026-02-21
145115bc-a946-5ee6-9e18-84e34f775bcb,servicio,45000,45000,0,efectivo,e501d4d6-c23e-5386-ba01-8bcd2b95e453,b4af6236-368c-5f96-a685-e8faf26e5144,,Hora: 4:52 p.m.,2026-02-21
032dc7c7-1b92-5f91-ba52-7c0c7afad2b2,servicio,45000,45000,0,pos,a4ae15fd-aea8-51e8-9212-ed67e6bf9c19,b4af6236-368c-5f96-a685-e8faf26e5144,,Hora: 5:27 p.m.,2026-02-21
8f55560b-908e-550b-a940-7005c46277d9,servicio,45000,45000,55,efectivo,906db8ca-00a0-59c3-bf5f-dc8db7d3fc23,b4af6236-368c-5f96-a685-e8faf26e5144,,Hora: 5:58 p.m.,2026-02-21
cada774c-e5e4-516d-ba9a-833ec3b9168e,servicio,45000,45000,0,pos,d3a59015-23ec-528a-971b-f6a64c526e09,b4af6236-368c-5f96-a685-e8faf26e5144,,Hora: 6:25 p.m.,2026-02-21
0d55f3cf-5b62-56f4-a831-9e405502baaf,servicio,45000,45000,5,efectivo,69896227-02ea-579c-9bb5-b931fbb288ca,b4af6236-368c-5f96-a685-e8faf26e5144,,Hora: 7:00 p.m.,2026-02-21
2d02d035-9bec-5ed5-ad49-47cd3b5fa102,servicio,40000,40000,0,pos,6883ab05-4365-56e5-92d6-88dcb135795d,910784b4-4669-5b74-bbb2-997a4d659b45,,Hora: 11:30 a.m.,2026-02-24
8353ddd4-9470-5d03-b450-af2d86678824,servicio,35000,35000,0,pos,c4c0cd6f-68c5-50de-a97d-0139af660c35,4410801d-a633-524a-8dfa-0df5e44049d6,,Hora: 12:09 p.m.,2026-02-24
261400b7-d43c-5b46-a1ba-338c30b0c201,servicio,45000,45000,0,pos,a60a0f33-f010-5d12-a28b-09761a1352e6,b4af6236-368c-5f96-a685-e8faf26e5144,,Hora: 1:18 p.m.,2026-02-24
ad601f3a-c9e8-5a02-8480-fe02360ad016,servicio,70000,70000,-100000000000000,,30c7648d-fe47-5dc9-850e-99fd95676198,0c847f60-a5de-5e29-9a53-45bf494f63cc,,Hora: 2:46 p.m.,2026-02-24
009c2908-154a-5dd7-80f1-29d6853a3f94,servicio,40000,40000,0,pos,3660dca6-30f1-53cb-8025-416450266e8a,910784b4-4669-5b74-bbb2-997a4d659b45,,Hora: 5:10 p.m.,2026-02-24
37ac3f3a-fe5e-5802-9bd7-e14f296e2fb6,servicio,40000,40000,0,pos,1bc201d7-c5cb-52c1-b4b1-ea5429d68b1f,910784b4-4669-5b74-bbb2-997a4d659b45,,Hora: 7:24 p.m.,2026-02-24
7327c414-4fa6-50b0-a0da-8e8ca397d63f,servicio,70000,70000,0,,a0f66a39-ec5e-529f-8659-231c3b839e6f,0c847f60-a5de-5e29-9a53-45bf494f63cc,,Hora: 8:48 p.m.,2026-02-24
00332410-56bf-584b-8d7a-41bfcf3a9e3c,servicio,70000,70000,0,efectivo,bd452d7a-b37f-5512-8106-da3985e1cc10,0c847f60-a5de-5e29-9a53-45bf494f63cc,,Hora: 10:45 a.m.,2026-02-25
871ec69d-f333-50f4-a139-f0d863e96e72,servicio,45000,45000,0,pos,00479eb0-62da-5bb5-b5e1-30c92b77196c,b4af6236-368c-5f96-a685-e8faf26e5144,,Hora: 2:57 p.m.,2026-02-25
a2fa06a1-fa05-58d1-bdbb-1c373c4234e4,servicio,45000,45000,0,pos,e80afc55-2470-540a-b893-68e1bdf84bd7,b4af6236-368c-5f96-a685-e8faf26e5144,,Hora: 3:51 p.m.,2026-02-25
4d432b00-5049-5d16-911f-81682d01e522,servicio,40000,40000,0,efectivo,f06b49cc-89f0-546f-b002-0e0c4f7f4e3c,910784b4-4669-5b74-bbb2-997a4d659b45,,Hora: 4:18 p.m.,2026-02-25
681df156-2a57-5e02-b022-a6beac1c7905,servicio,45000,45000,0,pos,b7bfb6df-4221-5a98-be42-80b863740016,b4af6236-368c-5f96-a685-e8faf26e5144,,Hora: 5:30 p.m.,2026-02-25
a2a540b1-9422-5a79-bfc8-0b8cf098dba8,servicio,45000,45000,0,pos,a7f241e5-de2b-5fe2-accf-e2cb4d7c7803,b4af6236-368c-5f96-a685-e8faf26e5144,,Hora: 11:16 p.m.,2026-02-25
f2e74d40-9b97-5d02-963e-6805055d36cc,servicio,40000,40000,0,pos,ca2acea2-e284-549c-8c83-3d55da7f7402,910784b4-4669-5b74-bbb2-997a4d659b45,,Hora: 7:32 p.m.,2026-02-25
1b0e2b7a-359d-5c66-87bd-b7a153f103cb,servicio,40000,40000,10,efectivo,7712290c-1a32-507c-9cc4-0c2aea23225e,910784b4-4669-5b74-bbb2-997a4d659b45,,Hora: 11:15 a.m.,2026-02-26
822f6403-8af5-5214-93a8-d0c437e1a6be,servicio,45000,45000,0,transferencia,83a560c2-f275-5858-96fb-13324e0def4a,b4af6236-368c-5f96-a685-e8faf26e5144,,Hora: 2:43 p.m.,2026-02-26
a064f06d-66b9-5875-afd6-18d9134daba2,servicio,45000,45000,55,efectivo,90fddc2d-ca82-56de-b84f-282d8385ec30,b4af6236-368c-5f96-a685-e8faf26e5144,,Hora: 3:34 p.m.,2026-02-26
9322734f-f3c2-55a8-a549-1989c1679f13,servicio,45000,45000,0,efectivo,a4f0883b-bdf1-50b6-bd82-89ba4c9ed51f,b4af6236-368c-5f96-a685-e8faf26e5144,,Hora: 5:52 p.m.,2026-02-26
efb00aad-272b-58a6-92f7-f85cc515c792,servicio,45000,45000,5,efectivo,7d738575-71a6-5a14-8bcd-c34e9c7efd53,b4af6236-368c-5f96-a685-e8faf26e5144,,Hora: 5:52 p.m.,2026-02-26
59279f0f-2bdf-59a6-9add-3f88d2cfe028,servicio,45000,45000,0,pos,4a7b32a4-3121-5bc7-b767-238565180f82,b4af6236-368c-5f96-a685-e8faf26e5144,,Hora: 8:25 p.m.,2026-02-26
4a7b51ce-f31b-554f-acef-f27709a17e3e,servicio,70000,70000,-200000000000000,,df028ca1-1cc2-546e-b90f-a0d729ac3ac6,0c847f60-a5de-5e29-9a53-45bf494f63cc,,Hora: 8:27 p.m.,2026-02-26
20847c9f-4a6b-5d8a-bfd2-d53713a17866,servicio,45000,45000,0,pos,3a8b1ffd-abbb-51f2-a75f-683d0f1ea494,b4af6236-368c-5f96-a685-e8faf26e5144,,Hora: 8:32 a.m.,2026-02-26
73883fe7-53a1-57d0-924d-c8ea9bf10229,servicio,40000,40000,10,efectivo,e81174a1-ae30-55a8-a37a-dfb72d4f47cb,910784b4-4669-5b74-bbb2-997a4d659b45,,Hora: 11:09 a.m.,2026-02-27
f195775b-4d71-5bf1-9cc1-840d28fafcc3,servicio,40000,40000,0,pos,a4987579-3c3a-51fd-9c98-6b88feb058cb,910784b4-4669-5b74-bbb2-997a4d659b45,,Hora: 12:18 p.m.,2026-02-27
0cc300ea-6b7b-5df9-b786-0fece74aee28,servicio,45000,45000,5,efectivo,c68fd4a0-41d7-5039-862d-97d80f9c0bff,b4af6236-368c-5f96-a685-e8faf26e5144,,Hora: 12:21 p.m.,2026-02-27
222aa52e-fde1-5148-9a64-bb54e2e6b4cf,servicio,30000,30000,70,efectivo,e987869c-d350-5cb5-b3a4-cb56170451a5,8b3eb052-313c-5bd1-a6bb-4106ed0592af,,Hora: 12:21 p.m.,2026-02-27
94537bc3-363c-55fd-9813-6611012131f8,servicio,30000,30000,0,efectivo,e63b6c13-f2b6-5348-9cb2-6ad7dc38ed40,8b3eb052-313c-5bd1-a6bb-4106ed0592af,,Hora: 12:50 p.m.,2026-02-27
ffdcfbc6-86b6-5ec7-aa7f-af41b1cf85bb,gasto,,0,40,,,,,Hora: 2:17 p.m.,2026-02-27
1bab3ac8-6c55-5194-90ea-0f883ac25dcf,servicio,45000,45000,0,pos,f9cebff6-df66-57a1-a419-561a978beaa1,b4af6236-368c-5f96-a685-e8faf26e5144,,Hora: 4:07 p.m.,2026-02-27
7d93d4ee-5749-5516-abe8-f825410e4c54,servicio,40000,40000,0,efectivo,e501d4d6-c23e-5386-ba01-8bcd2b95e453,910784b4-4669-5b74-bbb2-997a4d659b45,,Hora: 4:44 p.m.,2026-02-27
33828e08-5492-5c93-8ee0-a4d885aa2589,servicio,45000,45000,0,transferencia,e39d7b3d-4049-5a96-9db9-6c4a1ed86d32,b4af6236-368c-5f96-a685-e8faf26e5144,,Hora: 5:35 p.m.,2026-02-27
3887acf3-9a87-5cb4-a86b-fff965ea5884,servicio,45000,45000,5,efectivo,e987869c-d350-5cb5-b3a4-cb56170451a5,b4af6236-368c-5f96-a685-e8faf26e5144,,Hora: 6:15 p.m.,2026-02-27
f2cb02d9-209e-5819-acba-0b0a5fd94e38,servicio,45000,45000,0,efectivo,bd20a02b-8952-5186-a4c6-152b76c7b081,b4af6236-368c-5f96-a685-e8faf26e5144,,Hora: 6:15 p.m.,2026-02-27
bee1a540-2c9d-52bf-8ffa-cb02b24310a1,servicio,45000,45000,5,efectivo,a6449072-017e-5644-b7bc-6e007ba5c693,b4af6236-368c-5f96-a685-e8faf26e5144,,Hora: 6:55 p.m.,2026-02-27
08d0baf9-995a-5385-bf34-b76f58ac7b2a,servicio,45000,45000,0,transferencia,0d322956-a110-56cf-a14f-62e6888b5930,b4af6236-368c-5f96-a685-e8faf26e5144,,Hora: 7:18 p.m.,2026-02-27
86c3fed3-77fb-5ae7-8dc2-7a6248853a2b,servicio,70000,70000,0,pos,33074d0b-f139-5f05-991a-8bc53eaa9ae8,0c847f60-a5de-5e29-9a53-45bf494f63cc,,Hora: 7:26 p.m.,2026-02-27
c4b0e1cd-1de8-55c9-bbd3-5f2252ca426e,servicio,45000,45000,-350000000000000,efectivo,460b6b03-1d9e-50a3-97f1-cfa70afdba54,b4af6236-368c-5f96-a685-e8faf26e5144,,Hora: 7:58 p.m.,2026-02-27
fffa86f8-6fc6-578e-ae4a-920974fcb121,servicio,70000,70000,0,pos,b656444a-0309-51e4-b7af-fe1826fb86e3,0c847f60-a5de-5e29-9a53-45bf494f63cc,,Hora: 12:56 p.m.,2026-02-28
fffac4df-5fbc-545f-bf75-75f5eab72e78,servicio,45000,45000,5,efectivo,a85cf9c9-7184-5b01-92cb-087851d67525,b4af6236-368c-5f96-a685-e8faf26e5144,,Hora: 1:40 p.m.,2026-02-28
94af6bb7-4b9a-5d78-a763-c0a2023b6c16,servicio,45000,45000,5,efectivo,24c1013f-7420-5323-b192-42f549d490d0,b4af6236-368c-5f96-a685-e8faf26e5144,,Hora: 3:47 p.m.,2026-02-28
83517874-7579-53f7-887a-75c2d650570c,servicio,45000,45000,5,efectivo,25858285-1d0d-5bce-a9d0-a3db049e0f4d,b4af6236-368c-5f96-a685-e8faf26e5144,,Hora: 3:47 p.m.,2026-02-28
972413c9-c04f-5e15-8ed1-6728384dd231,servicio,45000,45000,55,efectivo,70b833c1-0cdc-5a11-803e-0f3bdfb1a762,b4af6236-368c-5f96-a685-e8faf26e5144,,Hora: 4:14 p.m.,2026-02-28
e6fb3dcf-8089-5005-becb-a357dacd94a3,servicio,70000,70000,0,pos,c1d5b79c-5259-5ac5-8d7b-ae2f8663906f,0c847f60-a5de-5e29-9a53-45bf494f63cc,,Hora: 4:22 p.m.,2026-02-28
ecca1588-6a9b-5b95-a9e8-b606fe024b1e,servicio,45000,45000,5,efectivo,e987869c-d350-5cb5-b3a4-cb56170451a5,b4af6236-368c-5f96-a685-e8faf26e5144,,Hora: 5:27 p.m.,2026-02-28
63409d5e-a8f5-5fc2-93aa-9b973a0d970c,servicio,45000,45000,55,efectivo,7bbdea35-f6b5-5ca8-aa99-00a17c64f968,b4af6236-368c-5f96-a685-e8faf26e5144,,Hora: 6:12 p.m.,2026-02-28
5f3f3100-1040-5a19-9481-5a06bd475495,servicio,40000,40000,0,pos,7270a5c5-cb23-5dc8-8deb-513834fd6235,910784b4-4669-5b74-bbb2-997a4d659b45,,Hora: 11:06 a.m.,2026-03-03
02af7654-2992-5e99-8768-73414d23b300,servicio,45000,45000,0,pos,f64a5666-9e90-55cf-b93b-288f9c598f90,b4af6236-368c-5f96-a685-e8faf26e5144,,Hora: 2:13 p.m.,2026-03-03
ede5552c-36a0-5372-84b9-3c8708db9324,servicio,45000,45000,5,,30a5e97d-9412-5221-9e2e-01e6583a1beb,b4af6236-368c-5f96-a685-e8faf26e5144,,Hora: 2:13 p.m.,2026-03-03
dc162ced-2ad1-524d-89a9-7ff8782e4156,servicio,45000,45000,5,efectivo,03a08b13-8b30-50cb-926a-876da01157b8,b4af6236-368c-5f96-a685-e8faf26e5144,,Hora: 3:05 p.m.,2026-03-03
53a5b55d-1f1f-5dfb-aaa2-6c78ead83a2a,servicio,45000,45000,55,efectivo,128dbcbf-c2b7-5909-b213-e352e873ccf9,b4af6236-368c-5f96-a685-e8faf26e5144,,Hora: 3:05 p.m.,2026-03-03
580e003e-48d4-567d-8275-64ef5c6d5b6b,servicio,45000,45000,55,efectivo,72a5f6d5-1ce2-59bd-b15d-c47c49da1220,b4af6236-368c-5f96-a685-e8faf26e5144,,Hora: 4:22 p.m.,2026-03-03
e70e2c0d-001d-53a9-aa04-9904d6351362,servicio,45000,45000,0,pos,612727b9-5b29-5758-8257-3b765824b990,b4af6236-368c-5f96-a685-e8faf26e5144,,Hora: 4:36 p.m.,2026-03-03
66516b53-6ac2-52b7-a4e4-afba3d463668,servicio,45000,45000,0,pos,c4a19665-4883-56af-a39e-1620120155c7,b4af6236-368c-5f96-a685-e8faf26e5144,,Hora: 4:36 p.m.,2026-03-03
51f906a8-914d-50fb-82b6-27a235f175ee,servicio,45000,45000,0,pos,d7b84b9f-0a95-58e0-869a-15fc57b2ca4f,b4af6236-368c-5f96-a685-e8faf26e5144,,Hora: 5:13 p.m.,2026-03-03
74be3fac-f8b4-5787-891e-5031b45e2f8e,servicio,70000,70000,30,efectivo,6f09f562-9730-5460-9fd3-f8bdeb976692,0c847f60-a5de-5e29-9a53-45bf494f63cc,,Hora: 7:00 p.m.,2026-03-03
4d830a63-d585-5f5d-aeeb-ac2bf380b961,servicio,45000,45000,0,pos,57decaad-efc1-5deb-b437-30b3d2b0ac1e,b4af6236-368c-5f96-a685-e8faf26e5144,,Hora: 8:00 p.m.,2026-03-03
e6a086e2-aa64-5db2-9324-2f818b74b325,servicio,40000,40000,0,transferencia,7c0c28ce-25d2-5b38-bc35-7f938bb68d7e,910784b4-4669-5b74-bbb2-997a4d659b45,,Hora: 11:33 a.m.,2026-03-04
f34a2595-5ff4-56d1-9901-24510dcfd803,servicio,45000,45000,0,transferencia,f6412c8c-e56c-5315-b4b8-fcc5249b22b7,b4af6236-368c-5f96-a685-e8faf26e5144,,Hora: 3:08 p.m.,2026-03-04
64acc954-675c-585a-8a81-247d962dcbe8,servicio,45000,45000,0,pos,7abc1164-c21b-57df-abff-59ad4cd7946e,b4af6236-368c-5f96-a685-e8faf26e5144,,Hora: 4:09 p.m.,2026-03-04
2e9fd955-f1a3-51f3-aa30-d9e24f0e7143,gasto,,0,14,,,,,Agua | Hora: 4:43 p.m. | Fuente: Caja,2026-03-04
ea29fab8-f939-5979-88d4-390d08c775b6,servicio,45000,45000,0,efectivo,1c6333b3-2df1-54e7-a6ef-fc6720a6a0ad,b4af6236-368c-5f96-a685-e8faf26e5144,,Hora: 6:35 p.m.,2026-03-04
2f779b74-64dc-50ab-97ec-78e975204c43,servicio,45000,45000,5,efectivo,46907921-de73-5aa6-9ea4-eb7fac9f9198,b4af6236-368c-5f96-a685-e8faf26e5144,,Hora: 8:18 p.m.,2026-03-04
98eae37a-2aff-5d01-8750-240c03548209,servicio,45000,45000,50,pos,7cb70ca0-5fcb-5935-817f-1ce98dbf6c8a,b4af6236-368c-5f96-a685-e8faf26e5144,,Hora: 5:00 p.m.,2026-03-05
0b2ae7f3-45f6-51cf-a97e-592bb317f6c9,servicio,45000,45000,5,,36a0129b-54b5-560b-8ae7-fdac9c67ddf0,b4af6236-368c-5f96-a685-e8faf26e5144,,Hora: 6:11 p.m.,2026-03-05
9252675d-53c3-5056-8be1-d82730f4efd9,servicio,40000,40000,0,,d359f56a-ab35-5f3e-8d81-ed31d62714ac,910784b4-4669-5b74-bbb2-997a4d659b45,,Hora: 7:09 p.m.,2026-03-05
15e28fef-36d9-5e5f-93fb-02228453f0a5,servicio,45000,45000,0,,b1c4900e-4a09-598c-a8b5-bc5f836c66d3,b4af6236-368c-5f96-a685-e8faf26e5144,,Hora: 7:58 p.m.,2026-03-05
b2adddaa-66e7-5bf8-9b31-491a2a603466,servicio,45000,45000,0,pos,27b78e23-222e-5aba-be27-0ce2ee63da40,b4af6236-368c-5f96-a685-e8faf26e5144,,Hora: 10:07 p.m.,2026-03-05
fdeb91fc-bb9a-59eb-8ed3-b0bd1fd665b4,servicio,45000,45000,0,efectivo,33831f06-d51b-5796-977b-b8e745ae31e8,b4af6236-368c-5f96-a685-e8faf26e5144,,Hora: 10:51 p.m.,2026-03-05
5fe30cda-67eb-53d6-bb1d-31e074b81060,servicio,45000,45000,0,transferencia,45f22651-662c-51dd-895f-8cc3998bec9d,b4af6236-368c-5f96-a685-e8faf26e5144,,Hora: 10:59 p.m.,2026-03-05
dbdb1528-8277-54ba-a9c6-b5715952f780,servicio,45000,45000,0,pos,70a97e86-06a3-5d05-b2a3-364f157d038a,b4af6236-368c-5f96-a685-e8faf26e5144,,Hora: 12:22 p.m.,2026-03-06
8eecf914-3edc-5421-ba39-578ccbb5b64a,servicio,70000,70000,0,pos,d49cc65c-9e45-52a1-ad31-72a4e892a6b0,0c847f60-a5de-5e29-9a53-45bf494f63cc,,Hora: 12:27 p.m.,2026-03-06
f3ac5893-7d63-5ebe-a8fe-8fb20bd5ffa0,servicio,70000,70000,0,,cc6ec1db-be8f-5d50-b95b-707cecf8b6ad,0c847f60-a5de-5e29-9a53-45bf494f63cc,,Hora: 3:07 p.m.,2026-03-06
2ff64dd8-0328-541b-b84d-7465dc3d5b48,servicio,45000,45000,0,pos,eddc7652-d368-5b0d-9c6d-8b0e14e7b422,b4af6236-368c-5f96-a685-e8faf26e5144,,Hora: 4:05 p.m.,2026-03-06
073c932f-062f-586d-8625-e7a0d6ad31ee,servicio,40000,40000,0,efectivo,2824e43d-c22a-595a-9b70-24c9f2cb738d,910784b4-4669-5b74-bbb2-997a4d659b45,,Hora: 4:51 p.m.,2026-03-06
a8f37726-0109-51ac-b428-f8ed7e5db054,servicio,45000,45000,0,transferencia,3aa3ceaf-4b44-52a7-9a4b-91cc593e4f68,b4af6236-368c-5f96-a685-e8faf26e5144,,Hora: 6:18 p.m.,2026-03-06
629462b8-1062-5fc2-bb80-e6e23994006b,servicio,45000,45000,0,pos,578d5171-0c5f-5ee8-b8c9-2da7b9f8188e,b4af6236-368c-5f96-a685-e8faf26e5144,,Hora: 7:06 p.m.,2026-03-06
2c09fed3-cd81-55ec-b768-8e33c18fce95,servicio,45000,45000,0,pos,e987869c-d350-5cb5-b3a4-cb56170451a5,b4af6236-368c-5f96-a685-e8faf26e5144,,Hora: 8:42 p.m.,2026-03-06
205e06c0-d800-58b8-98a1-a2971acd545c,servicio,40000,40000,0,efectivo,1719d386-bdb0-564f-8f9b-10d1b78e8c8b,910784b4-4669-5b74-bbb2-997a4d659b45,,Hora: 11:06 a.m.,2026-03-07
7dc21181-0e3b-5667-b7af-e636335faf91,servicio,45000,45000,5,efectivo,1f10adc0-dc5d-5456-b68f-c294e999a350,b4af6236-368c-5f96-a685-e8faf26e5144,,Hora: 12:44 p.m.,2026-03-07
fbb14f78-3f61-5cf6-bac5-96499ed803c6,servicio,40000,40000,10,efectivo,a778dca5-3360-5bd5-ad72-67cd988e503f,910784b4-4669-5b74-bbb2-997a4d659b45,,Hora: 1:11 p.m.,2026-03-07
e8495dea-3bef-5be5-9de3-fbe3d873f3c2,servicio,45000,45000,0,pos,2bdb854e-2956-505a-b244-fa7c6b93109d,b4af6236-368c-5f96-a685-e8faf26e5144,,Hora: 2:04 p.m.,2026-03-07
c6b90fb8-3898-518f-9c9a-53fd0969fd58,servicio,45000,45000,0,pos,1aa121bd-0f5b-51a9-8a71-d9a8d4a72537,b4af6236-368c-5f96-a685-e8faf26e5144,,Hora: 2:32 p.m.,2026-03-07
5ff5c8f6-be18-57de-b88f-810e43788aa0,servicio,45000,45000,5,efectivo,1c428c0d-9b70-58df-ba7c-48315cca8934,b4af6236-368c-5f96-a685-e8faf26e5144,,Hora: 2:49 p.m.,2026-03-07
6dcd1647-e0c4-5a3f-beec-95e4162024b6,servicio,45000,45000,5,efectivo,3b4d406a-f163-5ba3-a09e-dbf1d4cec73f,b4af6236-368c-5f96-a685-e8faf26e5144,,Hora: 3:46 p.m.,2026-03-07
198c4cbd-3f2d-5aaf-87d1-419fe8544514,servicio,45000,45000,0,pos,4ab90db3-079f-51d0-ae8a-621881b76f00,b4af6236-368c-5f96-a685-e8faf26e5144,,Hora: 4:28 p.m.,2026-03-07
641f6a81-6c2d-5ef1-87f7-1c7486968148,servicio,45000,45000,0,efectivo,6a6bb1da-0c49-58f4-8170-2627215bd354,b4af6236-368c-5f96-a685-e8faf26e5144,,Hora: 4:55 p.m.,2026-03-07
573de13d-c6dd-5d30-9960-1aaa4f82fbd2,servicio,45000,45000,0,transferencia,f9cebff6-df66-57a1-a419-561a978beaa1,b4af6236-368c-5f96-a685-e8faf26e5144,,Hora: 5:46 p.m.,2026-03-07
b3e3a9bd-3aa1-559b-b10c-46ff0992830f,servicio,70000,70000,30,efectivo,f9e32b01-b1b6-5e58-b749-507e017bed8a,0c847f60-a5de-5e29-9a53-45bf494f63cc,,Hora: 6:24 p.m.,2026-03-07
d9291231-9547-5ae1-af6a-3fb0af036147,servicio,45000,45000,0,pos,3eb0f69b-da35-5304-bafa-1476936d5dab,b4af6236-368c-5f96-a685-e8faf26e5144,,Hora: 7:05 p.m.,2026-03-07
693f0685-275d-5ac3-8ccb-626b072d16c5,servicio,45000,45000,55,efectivo,c66a3734-7354-58da-80c0-82ad8bea7ff3,b4af6236-368c-5f96-a685-e8faf26e5144,,Hora: 7:59 p.m.,2026-03-07
e5f0339f-543d-5b90-b623-25cd52952786,servicio,40000,40000,10,,1d4aff19-705a-5dc2-8bf4-b18fc3c5ee1b,910784b4-4669-5b74-bbb2-997a4d659b45,,Hora: 8:24 p.m.,2026-03-07
50e34ecb-607d-5f2d-9e2f-01c126e69d7c,servicio,45000,45000,55,efectivo,2c9ee34d-fcce-5dcd-8045-b2713afc3eb0,b4af6236-368c-5f96-a685-e8faf26e5144,,Hora: 9:00 p.m.,2026-03-07
c76fcd13-69c7-50e5-ad68-e0df8ac026f6,servicio,40000,40000,0,transferencia,a7e0587a-ba4f-569c-becd-0927e9780d41,910784b4-4669-5b74-bbb2-997a4d659b45,,Hora: 12:06 p.m.,2026-03-09
754d58fc-1bee-5483-80ab-a0a3025d34b2,servicio,45000,45000,0,transferencia,20a491c2-714a-531c-af29-e4bde71b3ad7,b4af6236-368c-5f96-a685-e8faf26e5144,,Hora: 12:58 p.m.,2026-03-09
c17c7e6b-7217-5687-8a48-0ce09cf6cfa6,servicio,45000,45000,0,transferencia,542ce679-204a-5791-b69c-d8f7f8680032,b4af6236-368c-5f96-a685-e8faf26e5144,,Hora: 2:28 p.m.,2026-03-10
f5e21e74-e400-53fc-b0e3-b6af89ad6065,servicio,40000,40000,0,pos,f44a1a35-10c6-593b-abaa-32d515f465e4,910784b4-4669-5b74-bbb2-997a4d659b45,,Hora: 3:18 p.m.,2026-03-10
2e0f9d6b-56f8-513a-ac4a-c020572508e4,servicio,45000,45000,0,pos,d3a59015-23ec-528a-971b-f6a64c526e09,b4af6236-368c-5f96-a685-e8faf26e5144,,Hora: 3:59 p.m.,2026-03-10
5128fd2b-7862-50fe-88d9-089a0c6faece,servicio,35000,35000,0,pos,0ed1fa8e-9f39-55c5-9a1b-32bd62ae534c,4410801d-a633-524a-8dfa-0df5e44049d6,,Hora: 4:19 p.m.,2026-03-10
16f9e9f5-f90f-5ba0-ae08-8fd9deac6fa7,servicio,45000,45000,0,pos,e501d4d6-c23e-5386-ba01-8bcd2b95e453,b4af6236-368c-5f96-a685-e8faf26e5144,,Hora: 5:20 p.m.,2026-03-10
4f41a579-2638-5f3a-a8d6-f7030fd1e376,servicio,45000,45000,0,transferencia,2a0cbfe6-9cf1-59c0-b02c-ca60c8113740,b4af6236-368c-5f96-a685-e8faf26e5144,,Hora: 7:30 p.m.,2026-03-10
a18db71b-09d1-5dab-9aa0-efd8b25edb2f,servicio,40000,40000,0,pos,06543caa-7694-5dbc-8295-98056f42a45d,910784b4-4669-5b74-bbb2-997a4d659b45,,Hora: 7:46 p.m.,2026-03-10
5421bc6d-b1aa-5f91-87e2-a6db8db16b11,servicio,70000,70000,0,transferencia,2c17d46b-6a0f-59fd-95bb-d09af2aa3513,0c847f60-a5de-5e29-9a53-45bf494f63cc,,Hora: 8:02 p.m.,2026-03-10
cd9cf6fc-32aa-5926-9f08-7cec0ce5a3f5,gasto,,0,25,,,,,Hijo de Peter | Hora: 11:30 a.m. | Fuente: Caja,2026-03-11
2ed49db9-097f-50f6-a969-90fc998789d7,servicio,45000,45000,5,efectivo,94c9ce49-ae50-5828-b95a-e846c7147f17,b4af6236-368c-5f96-a685-e8faf26e5144,,Hora: 1:46 p.m.,2026-03-11
6027991b-933c-5f59-a234-1f9108f30edd,servicio,45000,45000,55,efectivo,e7c94aa7-9165-5512-aef2-8f9e139c5a20,b4af6236-368c-5f96-a685-e8faf26e5144,,Hora: 9:26 p.m.,2026-03-11
54c28df5-7254-58a2-af20-206e10c5dbfd,servicio,40000,40000,0,,777b03cb-089e-53f8-bd76-bf9bad872449,910784b4-4669-5b74-bbb2-997a4d659b45,,Hora: 11:48 a.m.,2026-03-12
6ed4c47d-b9e9-5b93-95b3-72f25ba4b82b,servicio,45000,45000,0,transferencia,35064fad-9ff3-50cb-8f11-8a31ffd0d0b3,b4af6236-368c-5f96-a685-e8faf26e5144,,Hora: 2:57 p.m.,2026-03-12
a8e94b44-0547-5306-9559-1cf0fd2ffd6b,servicio,45000,45000,0,efectivo,bd20a02b-8952-5186-a4c6-152b76c7b081,b4af6236-368c-5f96-a685-e8faf26e5144,,Hora: 5:28 p.m.,2026-03-12
b92852f0-d1c0-58c6-8cef-73a98a77db21,servicio,45000,45000,5,,e2ac7271-ec5a-52e9-98f1-7646f7522fc0,b4af6236-368c-5f96-a685-e8faf26e5144,,Hora: 6:40 p.m.,2026-03-12
7ce60f32-c786-582b-9958-4a4b47211f87,servicio,45000,45000,5,efectivo,68dcaf13-45a5-5839-936b-79df84b2a0f8,b4af6236-368c-5f96-a685-e8faf26e5144,,Hora: 6:41 p.m.,2026-03-12
5c223c2e-03f4-5b43-bd53-9d9d690a273a,servicio,45000,45000,0,efectivo,9f5ac484-1283-5bc6-8f15-2680600ba132,b4af6236-368c-5f96-a685-e8faf26e5144,,Hora: 12:26 p.m.,2026-03-12
c0c12fa1-0213-591d-9173-eaaa219fa133,servicio,45000,45000,0,pos,e987869c-d350-5cb5-b3a4-cb56170451a5,b4af6236-368c-5f96-a685-e8faf26e5144,,Hora: 10:35 a.m.,2026-03-13
0a0b9e63-6cd1-5cba-a7c6-54e45e895c16,servicio,45000,45000,0,pos,82e938d9-27ae-5297-a879-ff5a7b9e365f,b4af6236-368c-5f96-a685-e8faf26e5144,,Hora: 11:35 a.m.,2026-03-13
9c829558-d181-549c-b834-7089c3a4dd81,servicio,70000,70000,30,efectivo,6f09f562-9730-5460-9fd3-f8bdeb976692,0c847f60-a5de-5e29-9a53-45bf494f63cc,,Hora: 1:23 p.m.,2026-03-13
37cb029a-38c5-5da9-bf12-37db3270e21b,servicio,45000,45000,55,efectivo,a85cf9c9-7184-5b01-92cb-087851d67525,b4af6236-368c-5f96-a685-e8faf26e5144,,Hora: 2:32 p.m.,2026-03-13
f90d3008-ee65-5ae0-849f-c40cea91febe,servicio,70000,70000,30,efectivo,a0f66a39-ec5e-529f-8659-231c3b839e6f,0c847f60-a5de-5e29-9a53-45bf494f63cc,,Hora: 4:53 p.m.,2026-03-13
22f3c624-87a7-5f85-8805-755e1cd2d083,servicio,45000,45000,0,pos,e80afc55-2470-540a-b893-68e1bdf84bd7,b4af6236-368c-5f96-a685-e8faf26e5144,,Hora: 12:31 p.m.,2026-03-13
3186fe9f-d7c2-5621-bd0b-148854b8b2b3,servicio,45000,45000,0,efectivo,6a6bb1da-0c49-58f4-8170-2627215bd354,b4af6236-368c-5f96-a685-e8faf26e5144,,Hora: 10:13 a.m.,2026-03-14
5910987f-dece-5fc3-9bbc-0111ea527234,servicio,45000,45000,0,pos,1c428c0d-9b70-58df-ba7c-48315cca8934,b4af6236-368c-5f96-a685-e8faf26e5144,,Hora: 12:47 p.m.,2026-03-14
4fa759e6-c5a3-556d-9835-d26e275d7844,servicio,70000,70000,0,,bd452d7a-b37f-5512-8106-da3985e1cc10,0c847f60-a5de-5e29-9a53-45bf494f63cc,,Hora: 12:48 p.m.,2026-03-14
4e395187-329f-54db-95ee-e105ab2722ef,servicio,45000,45000,0,pos,e987869c-d350-5cb5-b3a4-cb56170451a5,b4af6236-368c-5f96-a685-e8faf26e5144,,Hora: 2:26 p.m.,2026-03-14
29bdc8b5-e301-59c2-bfc1-a5edb6dd686e,servicio,45000,45000,0,pos,660c5c1a-2b41-518f-a25a-f05ac430c68b,b4af6236-368c-5f96-a685-e8faf26e5144,,Hora: 3:50 p.m.,2026-03-14
0c80b479-2a2a-583f-ac2a-9395123ff463,servicio,45000,45000,0,pos,25858285-1d0d-5bce-a9d0-a3db049e0f4d,b4af6236-368c-5f96-a685-e8faf26e5144,,Hora: 5:34 p.m.,2026-03-14
57b19ead-a0a5-52cb-9e26-b99f1415ebf1,servicio,70000,70000,0,pos,24c1013f-7420-5323-b192-42f549d490d0,0c847f60-a5de-5e29-9a53-45bf494f63cc,,Hora: 5:34 p.m.,2026-03-14
c7257e5a-7cb9-5a35-b581-fa377cf6e200,servicio,45000,45000,0,efectivo,a720fa06-6fb6-5bfb-bc13-17b34b5acc86,b4af6236-368c-5f96-a685-e8faf26e5144,,Hora: 7:31 p.m.,2026-03-14
34bb83ed-c8ff-5a84-8aa6-2f753c58cfb5,servicio,45000,45000,0,efectivo,afd569a9-6b93-5142-84a9-d29dbd192bfe,b4af6236-368c-5f96-a685-e8faf26e5144,,Hora: 7:32 p.m.,2026-03-14
ff33a707-96b0-5654-a220-5cb868c6c861,servicio,40000,40000,0,efectivo,370ff6ff-c8ef-5b10-a887-9ead1f55e136,910784b4-4669-5b74-bbb2-997a4d659b45,,Hora: 11:22 a.m.,2026-03-17
afd0464c-acda-59cf-b54d-cdae589b355b,servicio,70000,70000,0,efectivo,c1d5b79c-5259-5ac5-8d7b-ae2f8663906f,0c847f60-a5de-5e29-9a53-45bf494f63cc,,Hora: 1:02 p.m.,2026-03-17
e7097812-8a1b-5c94-a1b0-5f7c56c28e06,servicio,45000,45000,0,,a4f0883b-bdf1-50b6-bd82-89ba4c9ed51f,b4af6236-368c-5f96-a685-e8faf26e5144,,Hora: 2:55 p.m.,2026-03-17
08bb4fa2-c39b-5d0e-8652-cf27cf0e1525,servicio,45000,45000,0,pos,a7f241e5-de2b-5fe2-accf-e2cb4d7c7803,b4af6236-368c-5f96-a685-e8faf26e5144,,Hora: 4:25 p.m.,2026-03-17
1ec6beef-545c-502e-a5e4-9ce878bc136d,servicio,45000,45000,0,,e501d4d6-c23e-5386-ba01-8bcd2b95e453,b4af6236-368c-5f96-a685-e8faf26e5144,,Hora: 5:10 p.m.,2026-03-17
f6a66750-cbcd-5bd5-868f-1c3f862365d6,servicio,40000,40000,-100000000000000,,a934f617-401e-596f-bd16-d23f9f265c02,910784b4-4669-5b74-bbb2-997a4d659b45,,Hora: 5:31 p.m.,2026-03-17
331ae697-6f57-52cc-a6e4-7467dadcace6,servicio,40000,40000,0,,af3ed240-68e7-5453-9ae5-16ce0f5b1f5e,910784b4-4669-5b74-bbb2-997a4d659b45,,Hora: 6:32 p.m.,2026-03-17
22f3b569-81ae-5993-99d4-1edce9816e4f,servicio,45000,45000,0,pos,39119699-8815-5ce4-822e-16f67e3fc6e6,b4af6236-368c-5f96-a685-e8faf26e5144,,Hora: 6:33 p.m.,2026-03-17
462782c8-922f-5a77-a3c3-701acf786b88,servicio,70000,70000,0,pos,33074d0b-f139-5f05-991a-8bc53eaa9ae8,0c847f60-a5de-5e29-9a53-45bf494f63cc,,Hora: 8:46 p.m.,2026-03-17
04952fa1-d237-5ca6-989e-e1f02e2fecdd,servicio,45000,45000,0,pos,73ef9f7d-74b6-565c-bdcf-d9834d75cf2d,b4af6236-368c-5f96-a685-e8faf26e5144,,Hora: 10:49 a.m.,2026-03-18
4463e2ee-ad67-51d5-b389-e4640e0e9554,servicio,45000,45000,-200000000000000,pos,a1ea80fc-cd8d-5b59-8678-1438f6e984e5,b4af6236-368c-5f96-a685-e8faf26e5144,,Hora: 12:01 p.m.,2026-03-19
791f0a50-bc6b-5a13-853b-b5578b6b5652,servicio,45000,45000,0,pos,9d4cfe69-a64c-5dd8-8d03-904b94689ed5,b4af6236-368c-5f96-a685-e8faf26e5144,,Hora: 4:13 p.m.,2026-03-19
577f5b81-cf1d-5f61-bdd5-3f55769d7e29,servicio,45000,45000,0,pos,612727b9-5b29-5758-8257-3b765824b990,b4af6236-368c-5f96-a685-e8faf26e5144,,Hora: 5:02 p.m.,2026-03-19
49bd6cb0-053e-5cbc-8e0d-e7022af5293a,servicio,45000,45000,-100000000000000,transferencia,7d738575-71a6-5a14-8bcd-c34e9c7efd53,b4af6236-368c-5f96-a685-e8faf26e5144,,10 mil efectivo | Hora: 6:09 p.m.,2026-03-19
36f3255e-e19c-5798-9e13-2bc94492088d,servicio,40000,40000,0,pos,e893464e-cccf-5012-8bf2-f84c018c094f,910784b4-4669-5b74-bbb2-997a4d659b45,,Hora: 6:40 p.m.,2026-03-19
fddd5456-3db6-580e-b41b-18db35636019,servicio,45000,45000,0,pos,3aa3ceaf-4b44-52a7-9a4b-91cc593e4f68,b4af6236-368c-5f96-a685-e8faf26e5144,,Hora: 7:35 p.m.,2026-03-19
fbb52cb2-e944-5d28-9428-0382659ac601,servicio,45000,45000,0,efectivo,df87d778-ae1d-5bad-9ca3-95106e264082,b4af6236-368c-5f96-a685-e8faf26e5144,,Hora: 9:31 p.m.,2026-03-19
ad8d3d96-7359-529c-abbd-bac1fc4824b3,servicio,45000,45000,0,,cba8e0a0-9b8f-5853-9e7f-1cf4654865e1,b4af6236-368c-5f96-a685-e8faf26e5144,,Hora: 9:31 p.m.,2026-03-19
686b18b9-3ade-5ba3-9cf4-1d14b7f81bdb,gasto,,0,100,,,,,Piter | Hora: 9:44 p.m. | Fuente: Caja,2026-03-19
2e0d614b-761c-530b-a6ca-ae71c0c384c6,servicio,40000,40000,0,pos,8cffe572-85f8-599b-8d33-fa4ad65ec7c1,910784b4-4669-5b74-bbb2-997a4d659b45,,Hora: 5:29 p.m.,2026-03-20
ecab466d-e0c9-537e-afce-6954d872cd3f,servicio,70000,70000,0,pos,a0f66a39-ec5e-529f-8659-231c3b839e6f,0c847f60-a5de-5e29-9a53-45bf494f63cc,,Hora: 7:40 p.m.,2026-03-20
d1d5168c-572c-54b5-b7dd-13784e121490,servicio,45000,45000,0,efectivo,7a0247ed-5e5f-5e41-90a4-9522f9427856,b4af6236-368c-5f96-a685-e8faf26e5144,,Hora: 10:48 a.m.,2026-03-21
2cc264b5-9356-5b67-aca3-3fd5df9960eb,servicio,70000,70000,0,efectivo,43b5dc04-2904-579c-947b-eefbe07b68a0,0c847f60-a5de-5e29-9a53-45bf494f63cc,,Hora: 11:25 a.m.,2026-03-21
9b5f41f3-51c4-5c83-bcce-704da5f71aea,servicio,45000,45000,0,transferencia,4314ec46-e9d6-5ef5-8221-4b7a8d78b918,b4af6236-368c-5f96-a685-e8faf26e5144,,Hora: 1:41 p.m.,2026-03-21
757558b7-bfc6-53c9-b0d4-cb6113408c5c,servicio,45000,45000,0,pos,ec57d3cd-13af-5888-b25c-79fdff8abd56,b4af6236-368c-5f96-a685-e8faf26e5144,,Hora: 1:41 p.m.,2026-03-21
ff3dc4b6-4435-50f2-bb75-255c507f3592,servicio,45000,45000,-200000000000000,efectivo,03a08b13-8b30-50cb-926a-876da01157b8,b4af6236-368c-5f96-a685-e8faf26e5144,,Hora: 1:42 p.m.,2026-03-21
6bc1b086-e6ff-50c3-b2a5-81bd343f9e98,servicio,45000,45000,0,efectivo,1c428c0d-9b70-58df-ba7c-48315cca8934,b4af6236-368c-5f96-a685-e8faf26e5144,,Hora: 4:54 p.m.,2026-03-21
93d74d30-a4d2-50f6-9b45-cc26df5cdd80,servicio,45000,45000,0,efectivo,a7f241e5-de2b-5fe2-accf-e2cb4d7c7803,b4af6236-368c-5f96-a685-e8faf26e5144,,Hora: 4:55 p.m.,2026-03-21
a54ff29e-d782-537a-afe9-91f9908b7151,servicio,45000,45000,0,efectivo,f06b49cc-89f0-546f-b002-0e0c4f7f4e3c,b4af6236-368c-5f96-a685-e8faf26e5144,,Hora: 10:56 p.m.,2026-03-21
8ef95cd6-7ac1-5a29-94bc-22eb33df7464,servicio,45000,45000,0,pos,ca881923-a04a-5550-8487-0d5d3ce20da7,b4af6236-368c-5f96-a685-e8faf26e5144,,Hora: 5:52 p.m.,2026-03-21
afb327d9-b48b-55ba-95d5-e6e8a2f89360,servicio,45000,45000,0,transferencia,3a8b1ffd-abbb-51f2-a75f-683d0f1ea494,b4af6236-368c-5f96-a685-e8faf26e5144,,Hora: 3:15 p.m.,2026-03-23
34ce7259-dc0a-53eb-8734-0fd3586b4a45,servicio,45000,45000,0,pos,a85cf9c9-7184-5b01-92cb-087851d67525,b4af6236-368c-5f96-a685-e8faf26e5144,,Hora: 4:35 p.m.,2026-03-23
df8b85f7-e354-58b8-ae83-c25a9f8f5b69,servicio,45000,45000,0,pos,5f40e825-1df4-5f18-b93e-3aef9e8b951e,b4af6236-368c-5f96-a685-e8faf26e5144,,Hora: 4:36 p.m.,2026-03-23
df108b45-8be4-5ead-ba7c-9450f7d64d1a,servicio,70000,70000,-200000000000000,efectivo,87aa7671-6798-5e89-a803-1ffa8f96883d,0c847f60-a5de-5e29-9a53-45bf494f63cc,,Hora: 5:41 p.m.,2026-03-23
ac8b13b5-ba6a-5345-b1e3-5a24848d36d1,servicio,40000,40000,10,efectivo,c8dd9825-5c7f-5600-9504-6e2c0c80c510,910784b4-4669-5b74-bbb2-997a4d659b45,,Hora: 6:44 p.m.,2026-03-23
34b24202-efa3-5e83-b393-6f84d71913bc,servicio,45000,45000,0,pos,3acb22e9-5120-55b6-bf4f-be7f588d3dab,b4af6236-368c-5f96-a685-e8faf26e5144,,Hora: 10:43 a.m.,2026-03-24
1a8e5876-5414-53a1-97f0-cd5d525506b7,servicio,40000,40000,0,pos,dba64a08-a559-5da5-8622-5dd9fa6e4106,910784b4-4669-5b74-bbb2-997a4d659b45,,Hora: 12:31 p.m.,2026-03-24
70848694-92fa-59c6-9656-934126690f07,servicio,45000,45000,0,pos,8264096e-b8bb-51d4-8c8b-91942877e98f,b4af6236-368c-5f96-a685-e8faf26e5144,,Hora: 5:50 p.m.,2026-03-24
01770721-2d42-538b-9b5f-1072c5f1f074,servicio,40000,40000,0,pos,1bc201d7-c5cb-52c1-b4b1-ea5429d68b1f,910784b4-4669-5b74-bbb2-997a4d659b45,,Hora: 6:36 p.m.,2026-03-24
2584f696-ae55-5d0f-956d-588343cb998a,servicio,45000,45000,0,pos,5b95aa48-1302-5014-b86f-ff8707c7da2a,b4af6236-368c-5f96-a685-e8faf26e5144,,Hora: 7:11 p.m.,2026-03-24
e7ac0c97-7ae9-569a-b8f0-0c20e1443922,servicio,45000,45000,0,pos,00479eb0-62da-5bb5-b5e1-30c92b77196c,b4af6236-368c-5f96-a685-e8faf26e5144,,Hora: 1:14 p.m.,2026-03-25
7674e630-8edb-57e3-9717-2ca1e0d9583f,servicio,70000,70000,0,transferencia,cc6ec1db-be8f-5d50-b95b-707cecf8b6ad,0c847f60-a5de-5e29-9a53-45bf494f63cc,,Hora: 4:45 p.m.,2026-03-26
7d614eee-bf3d-52a1-a2ff-a18865a39839,servicio,45000,45000,0,efectivo,bd20a02b-8952-5186-a4c6-152b76c7b081,b4af6236-368c-5f96-a685-e8faf26e5144,,Hora: 5:33 p.m.,2026-03-26
708ea846-ec42-510a-b1c2-5fdc79e2fdda,servicio,45000,45000,0,pos,d3a59015-23ec-528a-971b-f6a64c526e09,b4af6236-368c-5f96-a685-e8faf26e5144,,Hora: 6:32 p.m.,2026-03-26
96a5b20a-fd22-5d4b-bb89-a10f56bd4dc4,servicio,70000,70000,0,pos,6f09f562-9730-5460-9fd3-f8bdeb976692,0c847f60-a5de-5e29-9a53-45bf494f63cc,,Hora: 8:24 p.m.,2026-03-26
02f860f9-f95f-5058-9638-9786ebabb784,servicio,45000,45000,0,pos,85ae4081-c8aa-5cef-8043-5e116818e8d1,b4af6236-368c-5f96-a685-e8faf26e5144,,Hora: 6:39 p.m.,2026-03-27
7f0c0c53-fc4e-50d1-b507-58264cc7bf93,servicio,45000,45000,5,efectivo,2c9ee34d-fcce-5dcd-8045-b2713afc3eb0,b4af6236-368c-5f96-a685-e8faf26e5144,,Hora: 7:12 p.m.,2026-03-27
3f0b49b2-b92f-537f-afad-56b9e1894b0c,servicio,40000,40000,0,efectivo,1c6333b3-2df1-54e7-a6ef-fc6720a6a0ad,910784b4-4669-5b74-bbb2-997a4d659b45,,Hora: 7:34 p.m.,2026-03-27
353c2feb-14e7-596f-a8fb-2654238158b2,servicio,40000,40000,0,efectivo,23fd8092-bc74-5daa-88d4-ecf83e9df9b1,910784b4-4669-5b74-bbb2-997a4d659b45,,Hora: 10:02 a.m.,2026-03-28
03430faf-c06a-5693-b493-05ab46bf7a3a,servicio,30000,30000,20,,1c84639a-aadd-5bb3-a47c-dd1d3f63c2d5,8b3eb052-313c-5bd1-a6bb-4106ed0592af,,Hora: 11:08 a.m.,2026-03-28
92d373fd-7de7-5727-a684-1d460b38fb6a,servicio,45000,45000,55,efectivo,30a5e97d-9412-5221-9e2e-01e6583a1beb,b4af6236-368c-5f96-a685-e8faf26e5144,,Hora: 11:55 a.m.,2026-03-28
f3d9c1d2-0f3d-51c1-a992-4ece577cb96c,servicio,45000,45000,5,efectivo,e298e6fa-493e-5691-87ab-d771c05b95a8,b4af6236-368c-5f96-a685-e8faf26e5144,,Hora: 12:18 p.m.,2026-03-28
7f7122eb-e540-5167-ae10-dba28d018bff,servicio,70000,70000,0,pos,49d17812-8044-5869-9943-c5900bea4b50,0c847f60-a5de-5e29-9a53-45bf494f63cc,,Hora: 1:29 p.m.,2026-03-28
1a5e9e18-7166-5b8f-b59a-193eb50a7ef8,servicio,70000,70000,0,efectivo,b4cd58dc-9f0b-5aa6-af01-a1c6558d08cf,0c847f60-a5de-5e29-9a53-45bf494f63cc,,Hora: 3:06 p.m.,2026-03-28
3040f77b-9cb8-5b9f-8c0c-e9b63bb014fc,servicio,45000,45000,0,efectivo,f5c62db2-31ed-5cc2-992b-575f1faa2001,b4af6236-368c-5f96-a685-e8faf26e5144,,Hora: 3:44 p.m.,2026-03-28
8dfc901a-7001-5de3-8bb2-264e093134a1,servicio,45000,45000,5,efectivo,c66a3734-7354-58da-80c0-82ad8bea7ff3,b4af6236-368c-5f96-a685-e8faf26e5144,,Hora: 4:46 p.m.,2026-03-28
f8068d66-0081-534a-8a6b-7ffeeb63fca6,servicio,45000,45000,0,efectivo,e501d4d6-c23e-5386-ba01-8bcd2b95e453,b4af6236-368c-5f96-a685-e8faf26e5144,,Hora: 5:18 p.m.,2026-03-28
969ce34d-898c-5229-8757-cdd4e14f5a68,servicio,45000,45000,0,pos,1815f485-58d9-5337-be46-12883e1c451b,b4af6236-368c-5f96-a685-e8faf26e5144,,Hora: 5:41 p.m.,2026-03-28
b7f11eb8-2431-55d0-9c76-9a6ce64b6dbb,servicio,45000,45000,0,pos,3b4d406a-f163-5ba3-a09e-dbf1d4cec73f,b4af6236-368c-5f96-a685-e8faf26e5144,,Hora: 6:34 p.m.,2026-03-28
1c7d3b9e-af3a-5d2c-97d4-cf3d189346f3,servicio,45000,45000,55,efectivo,c2353623-dcfc-5dcf-b7e4-1148c9af1992,b4af6236-368c-5f96-a685-e8faf26e5144,,Hora: 7:10 p.m.,2026-03-28
a025bc70-c7d9-516a-8c27-591f6218f4d5,servicio,45000,45000,5,pos,196079fa-a9e8-5581-a7c8-6d623c2a5883,b4af6236-368c-5f96-a685-e8faf26e5144,,Hora: 8:20 p.m.,2026-03-28
666c4918-b5f2-5722-8600-95626aa701e8,servicio,45000,45000,0,pos,752da644-4895-5d0e-8be9-0d4cfbe02afc,b4af6236-368c-5f96-a685-e8faf26e5144,,Hora: 10:51 a.m.,2026-03-30
ad4bd43b-ddd8-5b32-b376-ab66cbf6cc19,servicio,40000,40000,0,efectivo,05c5c6f8-499a-5477-a666-9862583a2f32,910784b4-4669-5b74-bbb2-997a4d659b45,,Hora: 11:44 a.m.,2026-03-30
5b5263ee-d01a-5912-bd0b-062b576ae1c8,servicio,40000,40000,0,pos,7712290c-1a32-507c-9cc4-0c2aea23225e,910784b4-4669-5b74-bbb2-997a4d659b45,,Hora: 12:12 p.m.,2026-03-30
eabbb377-2cdf-51df-bdf0-2b88cf991efa,servicio,45000,45000,5,efectivo,b10a8a12-97a9-51f1-ae16-da5bac58e023,b4af6236-368c-5f96-a685-e8faf26e5144,,Hora: 2:54 p.m.,2026-03-30
f54d0def-2c49-51e1-ab1c-444f75bbd079,servicio,45000,45000,0,pos,542ce679-204a-5791-b69c-d8f7f8680032,b4af6236-368c-5f96-a685-e8faf26e5144,,Hora: 3:58 p.m.,2026-03-30
60c9ccef-0369-5364-8caf-29dd59af87a2,gasto,,0,10,,,,,Hora: 7:35 p.m. | Fuente: Caja,2026-03-30
c2c7b4ed-a678-51e4-9da1-d9f755ebcbef,servicio,45000,45000,0,pos,87af7412-d351-5cd2-8666-471564d56c8f,b4af6236-368c-5f96-a685-e8faf26e5144,,Hora: 11:19 a.m.,2026-03-31
5c6204c2-6899-579e-9297-c41a7fbd8590,servicio,30000,30000,0,,e480811e-bc7c-582d-bffd-7cfc30a800d1,8b3eb052-313c-5bd1-a6bb-4106ed0592af,,Hora: 11:51 a.m.,2026-03-31
18060fdc-606b-5dec-81f5-6af1dc8715a9,servicio,45000,45000,0,efectivo,2b27f2ad-6bd6-58ec-a480-7e5497a73b2f,b4af6236-368c-5f96-a685-e8faf26e5144,,Hora: 12:56 p.m.,2026-03-31
bd78f11b-cb78-575f-a27d-497545b4e71a,servicio,45000,45000,0,pos,8d9a7234-1d13-5864-aebe-beb31783db6e,b4af6236-368c-5f96-a685-e8faf26e5144,,Hora: 3:40 p.m.,2026-03-31
5a6846aa-0cec-52cc-bc50-fd0bafc3f0af,servicio,45000,45000,-350000000000000,efectivo,660c5c1a-2b41-518f-a25a-f05ac430c68b,b4af6236-368c-5f96-a685-e8faf26e5144,,Hora: 6:25 p.m.,2026-03-31
36e42aea-c483-5960-a4a0-bd6d13abfc9a,servicio,45000,45000,0,efectivo,e39d7b3d-4049-5a96-9db9-6c4a1ed86d32,b4af6236-368c-5f96-a685-e8faf26e5144,,Hora: 6:59 p.m.,2026-03-31
8148342a-d8a2-5a3b-a292-f2c2ac7f1c4d,servicio,45000,45000,0,pos,4ab90db3-079f-51d0-ae8a-621881b76f00,b4af6236-368c-5f96-a685-e8faf26e5144,,Hora: 7:22 p.m.,2026-03-31
330b7f05-7522-539b-8ecf-138fc0a5c707,servicio,45000,45000,0,transferencia,4122a260-020d-5d6d-b830-70f74fe9f205,b4af6236-368c-5f96-a685-e8faf26e5144,,Hora: 12:48 p.m.,2026-04-01
dccb8096-7f84-5cbf-8914-6ba8f6a37e97,servicio,45000,45000,0,pos,18dd942c-afce-54ff-84a8-9b790293c04c,b4af6236-368c-5f96-a685-e8faf26e5144,,Hora: 2:58 p.m.,2026-04-01
23448eb0-a883-5bc7-9ed2-0feb92924873,servicio,45000,45000,0,pos,eddc7652-d368-5b0d-9c6d-8b0e14e7b422,b4af6236-368c-5f96-a685-e8faf26e5144,,Hora: 3:42 p.m.,2026-04-01
d25a5bdc-67c9-51f6-aa72-f774175c2686,servicio,70000,70000,30,,f9e32b01-b1b6-5e58-b749-507e017bed8a,0c847f60-a5de-5e29-9a53-45bf494f63cc,,Hora: 4:24 p.m.,2026-04-01
034ee86d-8874-5a25-b0d2-ebb2102d2025,servicio,45000,45000,0,efectivo,2b5ee10e-01e2-5574-981b-2d19efa3ec08,b4af6236-368c-5f96-a685-e8faf26e5144,,Hora: 5:06 p.m.,2026-04-01
ed236748-bcab-5f57-98c9-bdef6a060ecd,servicio,45000,45000,0,pos,d3a59015-23ec-528a-971b-f6a64c526e09,b4af6236-368c-5f96-a685-e8faf26e5144,,Hora: 5:42 p.m.,2026-04-01
ff5df728-a09e-5276-b133-fad8521a8f49,servicio,45000,45000,0,efectivo,fbc44331-23b2-5e7e-a6dd-2e3dfb43d2e0,b4af6236-368c-5f96-a685-e8faf26e5144,,Hora: 6:15 p.m.,2026-04-01
6e1f57ec-4be0-57fc-b39b-d6c953ccd89b,servicio,45000,45000,0,,fb16a8fa-2182-5c6c-936f-153df750c1f5,b4af6236-368c-5f96-a685-e8faf26e5144,,Hora: 7:02 p.m.,2026-04-01
9df866c5-a999-5936-857a-0647b30386cc,servicio,45000,45000,0,pos,06d77a63-3c30-58da-a011-167d7d433180,b4af6236-368c-5f96-a685-e8faf26e5144,,Hora: 7:47 p.m.,2026-04-01
fb002511-2568-5b6f-b69c-d02e762c81f2,servicio,45000,45000,55,efectivo,857ba58b-5ba7-563a-85a6-d18b7c7b87a6,b4af6236-368c-5f96-a685-e8faf26e5144,,Hora: 8:28 p.m.,2026-04-01
6f1582c7-2a58-5390-92c4-ecdaeee37b08,servicio,40000,40000,0,,288d2dcf-b7a4-5805-847a-02f30b28c0d4,910784b4-4669-5b74-bbb2-997a4d659b45,,Hora: 8:55 p.m.,2026-04-01
2e5535a6-5a04-5e00-97fb-d53d1e068ac8,servicio,45000,45000,0,pos,0a0f7e44-ca48-5431-b4d8-d0d3c8de7c86,b4af6236-368c-5f96-a685-e8faf26e5144,,Hora: 9:23 p.m.,2026-04-01
36c249d6-bf2b-50ec-8425-efde7f2dbd03,gasto,,0,10,,,,,Hora: 2:00 p.m. | Fuente: Caja,2026-04-02
76826b1a-1fca-59ec-9981-637c65261abd,servicio,40000,40000,0,transferencia,dcd06c55-1aa0-5686-ba0c-999b1cfc23da,910784b4-4669-5b74-bbb2-997a4d659b45,,Hora: 9:39 a.m.,2026-04-04
a44bbca2-f86a-52dd-b1c1-d922ce4c2d3e,servicio,45000,45000,0,efectivo,0e70adf5-cea6-53c5-ac00-062b63cafa2e,b4af6236-368c-5f96-a685-e8faf26e5144,,Hora: 11:06 a.m.,2026-04-04
9eb3649b-5b13-545a-ba09-6940b5f59eb5,servicio,40000,40000,0,,6a3ad3f3-7fe0-5362-a348-07e52c0b3258,910784b4-4669-5b74-bbb2-997a4d659b45,,Hora: 11:07 a.m.,2026-04-04
43599f22-9351-5321-8b23-418a657259f0,servicio,35000,35000,0,transferencia,c1de985c-b557-5f8d-a1c9-e56a53f56bef,4410801d-a633-524a-8dfa-0df5e44049d6,,Hora: 12:16 p.m.,2026-04-04
78625ea1-9faf-590b-ad59-ef2063a01633,servicio,45000,45000,0,transferencia,e7c94aa7-9165-5512-aef2-8f9e139c5a20,b4af6236-368c-5f96-a685-e8faf26e5144,,Hora: 12:16 p.m.,2026-04-04
0464dd53-ace7-572d-a926-c40c03de61a3,servicio,45000,45000,5,efectivo,a008dff8-b630-57ca-b3bf-d2ac97e3b2eb,b4af6236-368c-5f96-a685-e8faf26e5144,,Hora: 1:08 p.m.,2026-04-04
e2e26c2a-bb37-56fa-ba5f-157a3c8b4b4c,servicio,45000,45000,0,transferencia,4e755e2f-13e3-5ada-8a42-a7e8bdae292b,b4af6236-368c-5f96-a685-e8faf26e5144,,Hora: 1:32 p.m.,2026-04-04
83080948-38f6-523d-9ef3-578f4fa72d46,servicio,40000,40000,0,transferencia,2a9a4db2-d985-5960-b4b5-f61c72a1e38e,910784b4-4669-5b74-bbb2-997a4d659b45,,Hora: 2:06 p.m.,2026-04-04
1a053de0-f46b-5441-b786-e75dd75391de,servicio,45000,45000,5,efectivo,864365f4-e324-5948-b478-85c5cd700790,b4af6236-368c-5f96-a685-e8faf26e5144,,Hora: 2:24 p.m.,2026-04-04
2542bc43-1990-58a7-b8b0-11f5574bdb8b,servicio,70000,70000,0,efectivo,bd452d7a-b37f-5512-8106-da3985e1cc10,0c847f60-a5de-5e29-9a53-45bf494f63cc,,Hora: 3:45 p.m.,2026-04-04
958e5b08-447b-5e17-b42d-5b951f89fb28,servicio,45000,45000,0,pos,e80afc55-2470-540a-b893-68e1bdf84bd7,b4af6236-368c-5f96-a685-e8faf26e5144,,Hora: 5:25 p.m.,2026-04-04
9f791655-394c-5af0-a952-3511c9950171,servicio,35000,35000,0,pos,90cf60e0-ba9a-5871-ae94-f0fb4e1d4eee,4410801d-a633-524a-8dfa-0df5e44049d6,,Hora: 5:48 p.m.,2026-04-04
8263da01-63c3-5ca1-ad4d-f3048c1eecf9,servicio,45000,45000,0,pos,e36bfb3c-8a1e-5fe9-84b4-51b37406a45d,b4af6236-368c-5f96-a685-e8faf26e5144,,Hora: 7:04 p.m.,2026-04-04
d46ed23c-232c-5a27-a63f-bd8f2aef736f,servicio,45000,45000,0,pos,acce7569-5004-5838-a451-fa092bae1c61,b4af6236-368c-5f96-a685-e8faf26e5144,,Hora: 7:04 p.m.,2026-04-04
e48ace29-71bc-5ee2-a33a-eb1a2d83c238,servicio,35000,35000,0,pos,c74c3771-d21b-5fb4-b361-1706c658eddc,4410801d-a633-524a-8dfa-0df5e44049d6,,Hora: 12:30 p.m.,2026-04-06
205e8366-c659-5fa4-9f82-3a134bf6405f,servicio,45000,45000,0,efectivo,e987869c-d350-5cb5-b3a4-cb56170451a5,b4af6236-368c-5f96-a685-e8faf26e5144,,Hora: 12:30 p.m.,2026-04-06
86e86728-e0c8-582b-8fda-83763a214c3c,servicio,45000,45000,55,efectivo,af8aad18-6d3f-5717-97a3-ac0a05555b08,b4af6236-368c-5f96-a685-e8faf26e5144,,Hora: 2:08 p.m.,2026-04-06
acd606e0-5102-5b21-8e08-2ece05041740,servicio,45000,45000,-405000000000000,pos,d7b84b9f-0a95-58e0-869a-15fc57b2ca4f,b4af6236-368c-5f96-a685-e8faf26e5144,,Hora: 6:14 p.m.,2026-04-06
590edb98-be2e-52e8-b9e6-9590becb6853,servicio,70000,70000,0,pos,cc6ec1db-be8f-5d50-b95b-707cecf8b6ad,0c847f60-a5de-5e29-9a53-45bf494f63cc,,Hora: 6:16 p.m.,2026-04-06
8558b3e3-3c94-5507-ba59-3388f1049f24,servicio,40000,40000,60,efectivo,db9d6fb2-b68d-5d5d-95f3-c2e1f8adb383,910784b4-4669-5b74-bbb2-997a4d659b45,,Hora: 6:38 p.m.,2026-04-06
64468201-82b5-5921-a2da-5dcad1531b64,servicio,45000,45000,0,transferencia,5b95aa48-1302-5014-b86f-ff8707c7da2a,b4af6236-368c-5f96-a685-e8faf26e5144,,Hora: 7:14 p.m.,2026-04-06
4172c1b9-d981-58b5-838b-67b19f712904,servicio,45000,45000,0,pos,0389cfe7-8d0a-5bee-a54f-02762cdf8545,b4af6236-368c-5f96-a685-e8faf26e5144,,Hora: 7:42 p.m.,2026-04-06
99a2d313-4040-57f3-846b-97a8c4d06fa3,servicio,45000,45000,5,efectivo,a85cf9c9-7184-5b01-92cb-087851d67525,b4af6236-368c-5f96-a685-e8faf26e5144,,Hora: 2:09 p.m.,2026-04-07
b05d5b39-b6e7-56a6-8998-1f918d5dd592,servicio,45000,45000,0,pos,f9cebff6-df66-57a1-a419-561a978beaa1,b4af6236-368c-5f96-a685-e8faf26e5144,,Hora: 4:28 p.m.,2026-04-07
87da6bf7-bfa3-5a3c-b387-fc958add5a6c,servicio,45000,45000,0,pos,e84b21aa-d9ea-5701-a979-eb0d574ff9f6,b4af6236-368c-5f96-a685-e8faf26e5144,,Hora: 5:58 p.m.,2026-04-07
ab69a7d4-0bfe-590b-af3f-1fe164cf3b87,servicio,40000,40000,10,efectivo,c723ea57-9360-5b10-8937-e62f8538066e,910784b4-4669-5b74-bbb2-997a4d659b45,,Hora: 6:39 p.m.,2026-04-07
cb889d45-3e56-512b-b007-bf6758d3ba1f,servicio,40000,40000,0,,f289878f-7ebe-522a-9cd4-79e8f8b92f87,910784b4-4669-5b74-bbb2-997a4d659b45,,Hora: 7:12 p.m.,2026-04-07
323bd557-2458-58d9-82fe-744c02db0d3b,servicio,45000,45000,0,pos,79028833-c1f4-55e3-86c0-6a238078a2ea,b4af6236-368c-5f96-a685-e8faf26e5144,,Hora: 10:32 a.m.,2026-04-08
237f2c25-1436-5804-982e-6ccbcce7cc56,servicio,45000,45000,0,efectivo,8cbf837e-6227-5ea5-90fb-6eb4277843cc,b4af6236-368c-5f96-a685-e8faf26e5144,,Hora: 11:25 a.m.,2026-04-08
0181c0a7-5e6c-58fd-b064-b55d85be44cc,servicio,40000,40000,0,pos,d359f56a-ab35-5f3e-8d81-ed31d62714ac,910784b4-4669-5b74-bbb2-997a4d659b45,,Hora: 2:25 p.m.,2026-04-08
9871d20f-66bf-51d8-80d5-f8995f96c58d,servicio,45000,45000,55,efectivo,c55a9888-0ad5-5737-93b8-60b7370239f0,b4af6236-368c-5f96-a685-e8faf26e5144,,Hora: 3:00 p.m.,2026-04-08
f83861a6-35c0-53c4-ad39-d03c1ab474b6,servicio,70000,70000,30,efectivo,6f09f562-9730-5460-9fd3-f8bdeb976692,0c847f60-a5de-5e29-9a53-45bf494f63cc,,Hora: 6:11 p.m.,2026-04-08
4ce6fa88-1c0c-5f9f-8674-7a178cfdd49c,servicio,45000,45000,5,efectivo,4078e90a-1469-5b35-8e6e-2651eb8f0922,b4af6236-368c-5f96-a685-e8faf26e5144,,Hora: 6:52 p.m.,2026-04-08
2fb842de-d5b4-5472-9d62-63e6689de636,servicio,45000,45000,0,efectivo,e501d4d6-c23e-5386-ba01-8bcd2b95e453,b4af6236-368c-5f96-a685-e8faf26e5144,,Hora: 7:56 p.m.,2026-04-08
635b4a3e-bc8e-5e82-bee0-a023fabf6ff6,servicio,40000,40000,0,pos,5611cd29-bd54-5466-b2f9-bc08686120bf,910784b4-4669-5b74-bbb2-997a4d659b45,,Hora: 11:43 a.m.,2026-04-09
28cb9bd3-4e9f-5037-a168-ac950a592873,servicio,45000,45000,0,pos,3df7723b-d431-5fa1-bf45-76a493c1871a,b4af6236-368c-5f96-a685-e8faf26e5144,,Hora: 4:38 p.m.,2026-04-09
5c751d49-e76c-5f45-93dc-4c6283778db9,servicio,70000,70000,30,efectivo,03a08b13-8b30-50cb-926a-876da01157b8,0c847f60-a5de-5e29-9a53-45bf494f63cc,,Hora: 7:22 p.m.,2026-04-09
d517a2f0-053a-5c34-aa17-1c5f8d204d34,servicio,45000,45000,0,pos,69608dc3-9353-5405-84bb-94f260327aab,b4af6236-368c-5f96-a685-e8faf26e5144,,Hora: 7:22 p.m.,2026-04-09
9a33504a-0441-5bb0-883a-f6f616c28fb3,servicio,45000,45000,0,pos,f2f78fa2-2c14-5032-9735-e5813090e77d,b4af6236-368c-5f96-a685-e8faf26e5144,,Hora: 7:31 p.m.,2026-04-09
b722e3aa-69e2-527f-967c-f63940e7e704,servicio,35000,35000,15,efectivo,4f8cf15e-e523-522f-85d5-f0a561b115d3,4410801d-a633-524a-8dfa-0df5e44049d6,,Hora: 12:26 p.m.,2026-04-10
cd20f1f2-45e0-5e0f-81b9-1cbd214b27d9,servicio,45000,45000,0,efectivo,6a6bb1da-0c49-58f4-8170-2627215bd354,b4af6236-368c-5f96-a685-e8faf26e5144,,Hora: 12:54 p.m.,2026-04-10
a8635795-e24c-53a4-93c5-db7042f930fd,servicio,45000,45000,0,transferencia,e987869c-d350-5cb5-b3a4-cb56170451a5,b4af6236-368c-5f96-a685-e8faf26e5144,,Hora: 3:28 p.m.,2026-04-10
ff8da031-aa0e-585a-88d0-b57bd022bac8,servicio,70000,70000,0,,a0f66a39-ec5e-529f-8659-231c3b839e6f,0c847f60-a5de-5e29-9a53-45bf494f63cc,,Más 50 de cera | Hora: 4:40 p.m.,2026-04-10
7013d829-412f-50fc-b79d-ef606368dc72,servicio,45000,45000,0,transferencia,578d5171-0c5f-5ee8-b8c9-2da7b9f8188e,b4af6236-368c-5f96-a685-e8faf26e5144,,Hora: 5:39 p.m.,2026-04-10
80e09089-a7b6-5f94-90ca-3aa88ef5b3fc,servicio,45000,45000,0,transferencia,88dc4e4a-a126-5455-aed8-03d3cf9071c4,b4af6236-368c-5f96-a685-e8faf26e5144,,Hora: 6:41 p.m.,2026-04-10
c462a097-4bdf-5bda-a324-f08f12c03bbc,servicio,40000,40000,0,efectivo,fb3a7561-d54c-5498-8bd3-ddcbb0e2ca11,910784b4-4669-5b74-bbb2-997a4d659b45,,Hora: 10:00 a.m.,2026-04-11
86fafa37-4d0f-58ba-9577-107afa3c0c74,servicio,45000,45000,0,transferencia,d3a59015-23ec-528a-971b-f6a64c526e09,b4af6236-368c-5f96-a685-e8faf26e5144,,Hora: 11:30 a.m.,2026-04-11
b5c69ba1-aa7a-5560-ad3c-2130a15f392c,servicio,45000,45000,0,efectivo,74377dcb-e475-5d86-b59a-0cf6f0777617,b4af6236-368c-5f96-a685-e8faf26e5144,,Hora: 12:58 p.m.,2026-04-11
997d60c5-7bf2-5c3c-8559-b6ab97dcb750,servicio,45000,45000,0,transferencia,7a0247ed-5e5f-5e41-90a4-9522f9427856,b4af6236-368c-5f96-a685-e8faf26e5144,,Hora: 2:51 p.m.,2026-04-11
846e17e5-09de-5047-8e13-e6c2896880c2,servicio,45000,45000,-300000000000000,efectivo,4320d871-82c3-50f2-ba1b-bcc69c1aff1d,b4af6236-368c-5f96-a685-e8faf26e5144,,Transferencia  20 mil | Hora: 4:12 p.m.,2026-04-11
f82e1733-23e5-57d0-b6cb-25d67d2539c2,servicio,45000,45000,55,efectivo,70b833c1-0cdc-5a11-803e-0f3bdfb1a762,b4af6236-368c-5f96-a685-e8faf26e5144,,Hora: 5:17 p.m.,2026-04-11
39927897-a673-5fe9-9b97-3a881f23a3b2,servicio,45000,45000,55,efectivo,39119699-8815-5ce4-822e-16f67e3fc6e6,b4af6236-368c-5f96-a685-e8faf26e5144,,Hora: 7:06 p.m.,2026-04-11
1486216f-8d26-5f44-96fe-e8aefb39d1f2,servicio,45000,45000,0,efectivo,1e721228-17c9-5ff7-8abd-a4bd4488a64e,b4af6236-368c-5f96-a685-e8faf26e5144,,Hora: 8:37 p.m.,2026-04-11
d0335829-1eda-5686-b0a9-41970124117c,servicio,45000,45000,0,efectivo,83768443-4f76-5649-9d7d-b91d66aa18ed,b4af6236-368c-5f96-a685-e8faf26e5144,,Hora: 8:37 p.m.,2026-04-11
e20ee2a3-26fb-5f24-91bf-b9860d26e6e6,servicio,45000,45000,0,transferencia,819164fe-c146-5709-ab05-13c776a34057,b4af6236-368c-5f96-a685-e8faf26e5144,,5 mil en efectivo | Hora: 7:03 p.m.,2026-04-13
3da94516-548f-5314-bd8f-b9ffe91e011d,servicio,45000,45000,0,transferencia,1d4aff19-705a-5dc2-8bf4-b18fc3c5ee1b,b4af6236-368c-5f96-a685-e8faf26e5144,,Hora: 7:39 p.m.,2026-04-13
ce0c6fb9-6dd5-59c3-94e6-0fe638534e15,servicio,45000,45000,0,transferencia,9d4cfe69-a64c-5dd8-8d03-904b94689ed5,b4af6236-368c-5f96-a685-e8faf26e5144,,Hora: 1:04 p.m.,2026-04-14
bcf30718-a8a5-58e5-91f7-d942d75a45d8,servicio,40000,40000,60,efectivo,e987869c-d350-5cb5-b3a4-cb56170451a5,910784b4-4669-5b74-bbb2-997a4d659b45,,Hora: 2:58 p.m.,2026-04-14
2d4890fa-d624-5789-ac83-ae0e45163a75,servicio,70000,70000,0,pos,d49cc65c-9e45-52a1-ad31-72a4e892a6b0,0c847f60-a5de-5e29-9a53-45bf494f63cc,,Hora: 12:45 p.m.,2026-04-15
fa293dc2-6b0c-533c-bfa6-6d9e75193d93,servicio,45000,45000,0,pos,00479eb0-62da-5bb5-b5e1-30c92b77196c,b4af6236-368c-5f96-a685-e8faf26e5144,,Hora: 2:56 p.m.,2026-04-16
9d0176e7-0b40-5322-a7fe-c61ac4bcb520,servicio,45000,45000,0,efectivo,7cb70ca0-5fcb-5935-817f-1ce98dbf6c8a,b4af6236-368c-5f96-a685-e8faf26e5144,,Hora: 2:57 p.m.,2026-04-16
1ee87f23-24c6-528b-a7cc-98180c4d9ecf,servicio,45000,45000,0,efectivo,e501d4d6-c23e-5386-ba01-8bcd2b95e453,b4af6236-368c-5f96-a685-e8faf26e5144,,Hora: 4:29 p.m.,2026-04-16
4326e343-6d7b-5d4f-9aad-4edc947c379c,gasto,,0,45,,,,,Piter primer corte del mes | Hora: 5:03 p.m. | Fuente: Caja,2026-04-16
8284b0d9-2e1a-513b-a3bf-b197ddfc1738,servicio,45000,45000,0,efectivo,7d738575-71a6-5a14-8bcd-c34e9c7efd53,b4af6236-368c-5f96-a685-e8faf26e5144,,Hora: 6:42 p.m.,2026-04-16
44717db1-ef45-5da3-be09-90e9d89af331,servicio,40000,40000,10,,1c6333b3-2df1-54e7-a6ef-fc6720a6a0ad,910784b4-4669-5b74-bbb2-997a4d659b45,,Hora: 7:11 p.m.,2026-04-16
61310116-dbf3-575a-bbf4-a41c248d8ae3,servicio,45000,45000,0,pos,e94a3988-4dbe-5c39-b2ea-cf06919da635,b4af6236-368c-5f96-a685-e8faf26e5144,,Hora: 8:07 p.m.,2026-04-16
e3e19590-64b9-58de-a48d-59779e9a4241,servicio,40000,40000,0,efectivo,687e9366-c780-5997-9cd1-0e3619a8239c,910784b4-4669-5b74-bbb2-997a4d659b45,,Hora: 2:47 p.m.,2026-04-17
510c4e8d-c830-5c2a-a257-47a2ce3df074,servicio,70000,70000,30,,33831f06-d51b-5796-977b-b8e745ae31e8,0c847f60-a5de-5e29-9a53-45bf494f63cc,,Hora: 5:41 p.m.,2026-04-17
3f564fca-9130-5b42-9d64-ca6401ac0041,servicio,70000,70000,-350000000000000,,cc6ec1db-be8f-5d50-b95b-707cecf8b6ad,0c847f60-a5de-5e29-9a53-45bf494f63cc,,Con 50% de descuento | Hora: 5:42 p.m.,2026-04-17
2aadb1a5-f0aa-5715-af94-a8247c3c729d,servicio,70000,70000,0,pos,e4fea6ff-ec8f-5045-926b-aba937f83b88,0c847f60-a5de-5e29-9a53-45bf494f63cc,,Hora: 6:33 p.m.,2026-04-17
792bbd39-9db6-5beb-8e5c-1622dee754f9,servicio,70000,70000,0,,33074d0b-f139-5f05-991a-8bc53eaa9ae8,0c847f60-a5de-5e29-9a53-45bf494f63cc,,Hora: 7:53 p.m.,2026-04-17
f7a844f9-5a1e-547d-91b4-9c05cba792d8,servicio,45000,45000,0,pos,968ae678-e82e-5129-a0a1-efcc67a798f9,b4af6236-368c-5f96-a685-e8faf26e5144,,Hora: 10:52 a.m.,2026-04-18
00f4a6db-56ea-5439-9791-508f41b7520f,servicio,45000,45000,0,pos,d3a59015-23ec-528a-971b-f6a64c526e09,b4af6236-368c-5f96-a685-e8faf26e5144,,Hora: 11:30 a.m.,2026-04-18
ef388eae-8b83-5551-a061-c46ebd00afcf,servicio,45000,45000,0,pos,c4c0cd6f-68c5-50de-a97d-0139af660c35,b4af6236-368c-5f96-a685-e8faf26e5144,,Hora: 12:02 p.m.,2026-04-18
46f6d0a2-00bf-5714-8c53-a22217292213,servicio,30000,30000,20,efectivo,7002322d-f6d6-5cc5-984a-0f7a265080b2,8b3eb052-313c-5bd1-a6bb-4106ed0592af,,Hora: 12:31 p.m.,2026-04-18
f74600e4-64c2-527a-afcd-ca50581eff16,servicio,45000,45000,0,pos,e80afc55-2470-540a-b893-68e1bdf84bd7,b4af6236-368c-5f96-a685-e8faf26e5144,,Hora: 2:06 p.m.,2026-04-18
45ccd6fb-4593-5d5f-b2a8-dce89cdd98d4,servicio,45000,45000,0,transferencia,e298e6fa-493e-5691-87ab-d771c05b95a8,b4af6236-368c-5f96-a685-e8faf26e5144,,Hora: 3:07 p.m.,2026-04-18
fe1760ba-a80a-57c1-a51d-51a6339eed9d,servicio,45000,45000,55,efectivo,c66a3734-7354-58da-80c0-82ad8bea7ff3,b4af6236-368c-5f96-a685-e8faf26e5144,,Hora: 3:44 p.m.,2026-04-18
fec5357a-aea1-5087-8438-2f974dbc6d4b,servicio,40000,40000,0,,94c9ce49-ae50-5828-b95a-e846c7147f17,910784b4-4669-5b74-bbb2-997a4d659b45,,Hora: 4:27 p.m.,2026-04-18
3cfac665-1c09-5324-94e6-0553d44d6de3,servicio,40000,40000,10,efectivo,370ff6ff-c8ef-5b10-a887-9ead1f55e136,910784b4-4669-5b74-bbb2-997a4d659b45,,Hora: 5:11 p.m.,2026-04-18
a62a4da6-981c-5cd1-9b37-8632efc0dad0,servicio,45000,45000,0,pos,3b4d406a-f163-5ba3-a09e-dbf1d4cec73f,b4af6236-368c-5f96-a685-e8faf26e5144,,Hora: 5:49 p.m.,2026-04-18
06ee7c52-6ef2-5029-91bb-f97db047b397,servicio,40000,40000,60,,c9647b9f-6b1e-588f-8ff4-54047dc50214,910784b4-4669-5b74-bbb2-997a4d659b45,,Hora: 6:47 p.m.,2026-04-18
e5315625-18d2-56f2-be69-b9f703918726,servicio,45000,45000,0,pos,06d77a63-3c30-58da-a011-167d7d433180,b4af6236-368c-5f96-a685-e8faf26e5144,,Hora: 7:22 p.m.,2026-04-18
57def8fc-1336-5303-af17-8fc1a4380a96,servicio,40000,40000,0,efectivo,8788e898-7392-5ec0-9a75-c2f79951a11a,910784b4-4669-5b74-bbb2-997a4d659b45,,Hora: 7:52 p.m.,2026-04-18
228b76f6-4751-57cb-8180-8491d39ed83d,servicio,40000,40000,60,efectivo,1719d386-bdb0-564f-8f9b-10d1b78e8c8b,910784b4-4669-5b74-bbb2-997a4d659b45,,Hora: 8:19 p.m.,2026-04-18
542788af-d56a-590e-8571-ee67363b9cb3,servicio,40000,40000,0,efectivo,702420cf-9659-5646-aa38-7b72bae41168,910784b4-4669-5b74-bbb2-997a4d659b45,,Hora: 1:55 p.m.,2026-04-20
a325c57d-40f0-5a64-bf61-009f2e8bc591,servicio,45000,45000,0,transferencia,89d1af29-df1a-514e-acc4-882bcf8d34ac,b4af6236-368c-5f96-a685-e8faf26e5144,,Hora: 7:15 p.m.,2026-04-27
aadcdc15-82d6-5419-85f7-b6497e312f99,servicio,45000,45000,0,efectivo,e987869c-d350-5cb5-b3a4-cb56170451a5,b4af6236-368c-5f96-a685-e8faf26e5144,,Hora: 7:16 p.m.,2026-04-27
352b822b-c98c-5960-99e8-1072bc68493f,servicio,45000,45000,0,efectivo,d3a59015-23ec-528a-971b-f6a64c526e09,b4af6236-368c-5f96-a685-e8faf26e5144,,Hora: 3:35 p.m.,2026-04-28
4f29e6de-f268-5da1-a57a-c71b14a796b9,servicio,45000,45000,0,transferencia,ba4ceed7-b6b7-5910-bf69-e25c8ef4a51c,b4af6236-368c-5f96-a685-e8faf26e5144,,Hora: 8:16 p.m.,2026-04-28
37219660-813b-5099-9d70-e78e0069c0c3,servicio,45000,45000,0,efectivo,e501d4d6-c23e-5386-ba01-8bcd2b95e453,b4af6236-368c-5f96-a685-e8faf26e5144,,Hora: 2:11 p.m.,2026-04-29
bab87efa-b4ed-5cdd-9acb-65775cb8c262,servicio,70000,70000,30,efectivo,bd452d7a-b37f-5512-8106-da3985e1cc10,0c847f60-a5de-5e29-9a53-45bf494f63cc,,Hora: 2:11 p.m.,2026-04-29
249a62d9-d454-5df3-a56d-873e5c255cbd,servicio,40000,40000,10,efectivo,5999c2f8-0115-5a79-8606-f736a531e892,910784b4-4669-5b74-bbb2-997a4d659b45,,Hora: 3:46 p.m.,2026-04-29
1fb98a3f-5218-58af-af3a-e20b2f9258ad,servicio,45000,45000,5,transferencia,3c737585-8f82-5f4d-aae3-9140dc8d4f63,b4af6236-368c-5f96-a685-e8faf26e5144,,Hora: 4:37 p.m.,2026-04-29
fc4ed6aa-5ce0-5219-a6f3-9917136d8d84,servicio,40000,40000,0,transferencia,49a7160a-390a-5a18-9268-d6cee6903c4b,910784b4-4669-5b74-bbb2-997a4d659b45,,Hora: 5:08 p.m.,2026-04-29
10186af2-cc9f-5bdf-ab14-2c028375a569,servicio,45000,45000,0,transferencia,f6412c8c-e56c-5315-b4b8-fcc5249b22b7,b4af6236-368c-5f96-a685-e8faf26e5144,,Hora: 6:25 p.m.,2026-04-29
4db6223d-082e-5ae9-89e9-9d5984b731cc,servicio,40000,40000,0,transferencia,1bc201d7-c5cb-52c1-b4b1-ea5429d68b1f,910784b4-4669-5b74-bbb2-997a4d659b45,,Hora: 6:55 p.m.,2026-04-29
c6df1348-0249-58c8-ab6b-dcbdf42a1f1b,servicio,45000,45000,0,transferencia,d11d5af8-406a-57ad-9113-3136583ac5e6,b4af6236-368c-5f96-a685-e8faf26e5144,,Hora: 11:04 a.m.,2026-04-30
49998c0b-7578-5c57-8316-72b9d9df6544,servicio,40000,40000,-100000000000000,,45bfc586-aaee-5619-96ab-0e0e505967ed,910784b4-4669-5b74-bbb2-997a4d659b45,,Hora: 2:18 p.m.,2026-04-30
e1cab4ab-7e1b-57f8-b689-7d5951a56edb,servicio,35000,35000,0,pos,8b5959e9-fd8e-5a1c-ab26-2b89a8c5b407,4410801d-a633-524a-8dfa-0df5e44049d6,,Hora: 6:23 p.m.,2026-04-30
32b8ac03-6bfd-51f8-b90f-e8957cf5a791,servicio,45000,45000,55,,3df7723b-d431-5fa1-bf45-76a493c1871a,b4af6236-368c-5f96-a685-e8faf26e5144,,Hora: 11:29 a.m.,2026-05-02
6429271f-c262-561a-925c-2e33071387f0,servicio,45000,45000,0,transferencia,c66a3734-7354-58da-80c0-82ad8bea7ff3,b4af6236-368c-5f96-a685-e8faf26e5144,,Hora: 12:31 p.m.,2026-05-02
e0c64020-797b-5ad1-a2f1-e9146780837c,servicio,45000,45000,55,efectivo,9c3568af-416a-5474-ab6d-964b62240d6e,b4af6236-368c-5f96-a685-e8faf26e5144,,Hora: 3:29 p.m.,2026-05-02
ab960db8-a57f-5ea7-843a-aeaff67ba4d8,servicio,45000,45000,0,pos,cd74a944-37cf-5ef4-b9c3-b89bb4479b97,b4af6236-368c-5f96-a685-e8faf26e5144,,Hora: 3:30 p.m.,2026-05-02
b1ca56d1-8d13-5e38-b03a-c731d45fc57c,servicio,45000,45000,0,transferencia,4122a260-020d-5d6d-b830-70f74fe9f205,b4af6236-368c-5f96-a685-e8faf26e5144,,Hora: 4:02 p.m.,2026-05-02
3506331b-f3c6-53bd-891a-1d610ba0ca88,servicio,45000,45000,55,efectivo,a85cf9c9-7184-5b01-92cb-087851d67525,b4af6236-368c-5f96-a685-e8faf26e5144,,Hora: 4:40 p.m.,2026-05-02
a1cf2a2f-fefc-5459-8f3b-b636b0e02165,servicio,45000,45000,0,,e987869c-d350-5cb5-b3a4-cb56170451a5,b4af6236-368c-5f96-a685-e8faf26e5144,,Hora: 5:44 p.m.,2026-05-02
35f7609a-3ed9-5226-af58-a708878af91b,servicio,45000,45000,55,efectivo,f6924632-741b-58e6-9e4c-9e51444f9559,b4af6236-368c-5f96-a685-e8faf26e5144,,Hora: 7:09 p.m.,2026-05-02
745d6d03-6210-535a-9dfb-3e1db3e122f6,servicio,45000,45000,0,transferencia,578d5171-0c5f-5ee8-b8c9-2da7b9f8188e,b4af6236-368c-5f96-a685-e8faf26e5144,,Hora: 7:40 p.m.,2026-05-02
434ce829-c1a5-5b41-ae8e-f1260a68cb66,servicio,40000,40000,-400000000000000,,1d4aff19-705a-5dc2-8bf4-b18fc3c5ee1b,910784b4-4669-5b74-bbb2-997a4d659b45,,Hora: 8:17 p.m.,2026-05-02
6e234fd3-1f8b-5467-a6ff-5d3ee9e7b05a,servicio,45000,45000,0,pos,91bfcc1d-1e51-5b9f-b1f5-9ad2b6e5f6cf,b4af6236-368c-5f96-a685-e8faf26e5144,,Hora: 9:46 p.m.,2026-05-02
a65406e4-fbd8-5f78-93ef-27ff9d57bb52,servicio,40000,40000,0,transferencia,dcd06c55-1aa0-5686-ba0c-999b1cfc23da,910784b4-4669-5b74-bbb2-997a4d659b45,,Hora: 3:04 p.m.,2026-05-04
c1d103a9-4328-5ada-ae01-aa81254ca2eb,servicio,70000,70000,0,pos,d49cc65c-9e45-52a1-ad31-72a4e892a6b0,0c847f60-a5de-5e29-9a53-45bf494f63cc,,Hora: 3:05 p.m.,2026-05-04
f94e469f-7c60-5e2a-b0c5-813badd8d15c,servicio,45000,45000,0,pos,e80afc55-2470-540a-b893-68e1bdf84bd7,b4af6236-368c-5f96-a685-e8faf26e5144,,Hora: 5:50 p.m.,2026-05-04
3e4999b7-efa0-564e-a131-a35fe918fcd8,servicio,45000,45000,0,pos,14ff08d1-f023-57b3-90b7-33751b1345e5,b4af6236-368c-5f96-a685-e8faf26e5144,,Hora: 7:09 p.m.,2026-05-04
3cdac554-d389-5c6c-8410-c60b96200744,servicio,45000,45000,0,pos,4ab90db3-079f-51d0-ae8a-621881b76f00,b4af6236-368c-5f96-a685-e8faf26e5144,,Hora: 3:36 p.m.,2026-05-05
970ead40-b6ec-5a82-983a-4af261f8138c,servicio,45000,45000,15,efectivo,e987869c-d350-5cb5-b3a4-cb56170451a5,b4af6236-368c-5f96-a685-e8faf26e5144,,Hora: 3:38 p.m.,2026-05-05
cfb64d13-1a18-5cf1-afe2-1e58aac74999,servicio,45000,45000,45,pos,f06b49cc-89f0-546f-b002-0e0c4f7f4e3c,b4af6236-368c-5f96-a685-e8faf26e5144,,Hora: 5:17 p.m.,2026-05-05
cfc8fb2a-5a13-56eb-bdac-1f6af2b7d6ed,servicio,40000,40000,5,efectivo,a934f617-401e-596f-bd16-d23f9f265c02,910784b4-4669-5b74-bbb2-997a4d659b45,,Hora: 3:06 p.m.,2026-05-06
005fdbb3-9507-56da-acad-8278b12bc1c2,servicio,45000,45000,0,transferencia,d7b84b9f-0a95-58e0-869a-15fc57b2ca4f,b4af6236-368c-5f96-a685-e8faf26e5144,,Hora: 3:07 p.m.,2026-05-06
d57b5e95-7957-58ec-9463-a950453c7007,servicio,45000,45000,0,transferencia,caf35d4e-b9ba-5fdf-ae9d-52701270c60e,b4af6236-368c-5f96-a685-e8faf26e5144,,Hora: 4:03 p.m.,2026-05-06
1ff5e255-590f-52e4-8ba1-0e57fbb5f157,servicio,40000,40000,10,efectivo,a778dca5-3360-5bd5-ad72-67cd988e503f,910784b4-4669-5b74-bbb2-997a4d659b45,,Hora: 4:42 p.m.,2026-05-06
7a3ccf16-aa1d-5956-8cd1-395b1f6cb9a2,servicio,45000,45000,55,efectivo,74377dcb-e475-5d86-b59a-0cf6f0777617,b4af6236-368c-5f96-a685-e8faf26e5144,,Hora: 5:39 p.m.,2026-05-06
61a9be63-0148-5a79-8a8d-c74749e32d6a,servicio,45000,45000,0,transferencia,eca5c233-b586-5625-8e69-944b37944c9a,b4af6236-368c-5f96-a685-e8faf26e5144,,Hora: 6:29 p.m.,2026-05-06
a59f03eb-61a6-5959-9893-6e40ac8b9b11,servicio,45000,45000,0,pos,fa0cd82a-68c0-57a2-ab6b-8cdb7758c2dd,b4af6236-368c-5f96-a685-e8faf26e5144,,Hora: 10:26 a.m.,2026-05-07
dcdb9ad6-929a-5305-88d9-3b5545c5f94d,gasto,,0,12,,,,,Agua | Hora: 10:34 a.m. | Fuente: Caja,2026-05-07
df46a792-6d0f-5e96-b41f-e62dd26a0c4b,servicio,45000,45000,55,transferencia,d3a59015-23ec-528a-971b-f6a64c526e09,b4af6236-368c-5f96-a685-e8faf26e5144,,Hora: 10:38 a.m.,2026-05-07
4080e3b1-c5d7-58cb-bb73-3b7b436ef21c,servicio,35000,35000,0,efectivo,3cbdbcc1-2df6-5e9b-a1bb-7b20d4e4249f,4410801d-a633-524a-8dfa-0df5e44049d6,,Hora: 2:31 p.m.,2026-05-07
135bdf8e-e103-5d51-8fb4-9f5ae10aa7d1,servicio,35000,35000,0,,ce827351-ea1d-5adc-9860-870715218815,4410801d-a633-524a-8dfa-0df5e44049d6,,Hora: 2:31 p.m.,2026-05-07
ce054bc0-4024-5e04-a841-7c62dd05a7cc,servicio,45000,45000,5,efectivo,7712290c-1a32-507c-9cc4-0c2aea23225e,b4af6236-368c-5f96-a685-e8faf26e5144,,Hora: 5:52 p.m.,2026-05-07
361e7635-5407-5482-8ae9-9ecfbd0af05d,servicio,40000,40000,0,pos,d359f56a-ab35-5f3e-8d81-ed31d62714ac,910784b4-4669-5b74-bbb2-997a4d659b45,,Hora: 7:27 p.m.,2026-05-07
deafdc86-9069-5490-98f5-f26cb650f89e,servicio,45000,45000,0,transferencia,7d738575-71a6-5a14-8bcd-c34e9c7efd53,b4af6236-368c-5f96-a685-e8faf26e5144,,Hora: 7:28 p.m.,2026-05-07
9c7ffc16-e66b-56c7-b500-58cedb2d6e53,servicio,45000,45000,5,efectivo,a60a0f33-f010-5d12-a28b-09761a1352e6,b4af6236-368c-5f96-a685-e8faf26e5144,,Hora: 12:51 p.m.,2026-05-08
19eada51-1b2f-5a7b-bb4f-440b3be0fa60,servicio,35000,35000,15,efectivo,e987869c-d350-5cb5-b3a4-cb56170451a5,4410801d-a633-524a-8dfa-0df5e44049d6,,Hora: 4:27 p.m.,2026-05-08
e9423d0c-c53c-59b7-82a5-67323a9e5bbe,servicio,70000,70000,30,efectivo,a2c06512-c313-51ae-b408-81f56d868640,0c847f60-a5de-5e29-9a53-45bf494f63cc,,Hora: 12:30 p.m.,2026-05-09
50849cb5-1a64-55fd-9651-6eaf6f452ac1,servicio,70000,70000,30,efectivo,f9e32b01-b1b6-5e58-b749-507e017bed8a,0c847f60-a5de-5e29-9a53-45bf494f63cc,,Hora: 4:09 p.m.,2026-05-09
ce3c2db6-f4cb-5384-9901-b2fb7ee50c80,servicio,45000,45000,0,pos,e987869c-d350-5cb5-b3a4-cb56170451a5,b4af6236-368c-5f96-a685-e8faf26e5144,,Hora: 6:14 p.m.,2026-05-09
617d51a2-3a80-5248-97bf-56cef4af6a21,servicio,45000,45000,0,pos,d910db1a-8021-52dc-b02c-5ac382ca2fe3,b4af6236-368c-5f96-a685-e8faf26e5144,,Hora: 6:14 p.m.,2026-05-09
ee751075-fe87-570a-a688-f69bbab468b7,servicio,45000,45000,0,pos,913e8263-4901-5717-b68d-1d47dd0a04e2,b4af6236-368c-5f96-a685-e8faf26e5144,,Hora: 5:39 p.m.,2026-05-11
6b292df7-3cf0-582f-9ba1-12dca9a5ba04,servicio,45000,45000,0,pos,c66a3734-7354-58da-80c0-82ad8bea7ff3,b4af6236-368c-5f96-a685-e8faf26e5144,,Hora: 5:41 p.m.,2026-05-11
2ec4162c-9035-5081-b7ea-ac82f7ab626b,servicio,45000,45000,45,pos,8264096e-b8bb-51d4-8c8b-91942877e98f,b4af6236-368c-5f96-a685-e8faf26e5144,,Hora: 6:14 p.m.,2026-05-11
8be48e77-ade2-54a3-aa8d-8e237a17098e,servicio,45000,45000,0,efectivo,2c9ee34d-fcce-5dcd-8045-b2713afc3eb0,b4af6236-368c-5f96-a685-e8faf26e5144,,Hora: 6:15 p.m.,2026-05-11
1592fda8-cb90-5a66-bf40-9f6c7e18375f,servicio,40000,40000,0,pos,8cffe572-85f8-599b-8d33-fa4ad65ec7c1,910784b4-4669-5b74-bbb2-997a4d659b45,,Hora: 3:09 p.m.,2026-05-12
cfe4ba5d-af09-55c2-b5a7-f17cea21430d,servicio,70000,70000,0,pos,ec531045-8cad-5a1e-b8ed-6842d0207ecf,0c847f60-a5de-5e29-9a53-45bf494f63cc,,Hora: 4:06 p.m.,2026-05-12
980cd7f7-4c53-5885-a2cf-b671dbf5b1cd,servicio,45000,45000,0,efectivo,e39d7b3d-4049-5a96-9db9-6c4a1ed86d32,b4af6236-368c-5f96-a685-e8faf26e5144,,Hora: 5:04 p.m.,2026-05-12
bc0099f4-99f0-5203-b02f-72dccbe9080a,servicio,45000,45000,5,efectivo,8427c12c-55d6-5599-991f-d613f9289bb0,b4af6236-368c-5f96-a685-e8faf26e5144,,Hora: 5:42 p.m.,2026-05-12
99884671-f1c0-5374-8e64-de9267de2411,servicio,45000,45000,5,efectivo,687e9366-c780-5997-9cd1-0e3619a8239c,b4af6236-368c-5f96-a685-e8faf26e5144,,Hora: 6:41 p.m.,2026-05-12
